,yyyy,mm,temp_max,temp_min,airfrost,rain,sun
0,1883,1,6.3,1.7,6.0,122.1,
1,1883,2,8.0,2.8,2.0,69.8,
2,1883,3,4.8,-1.6,23.0,29.6,
3,1883,4,12.2,3.8,2.0,74.0,
4,1883,5,14.7,6.2,0.0,31.2,
5,1883,6,17.7,9.3,0.0,66.2,
6,1883,7,18.8,10.5,0.0,77.6,
7,1883,8,19.8,10.9,0.0,32.5,
8,1883,9,16.8,10.0,0.0,137.4,
9,1883,10,12.7,6.4,0.0,102.9,
10,1883,11,8.6,3.5,1.0,83.6,
11,1883,12,7.3,2.4,4.0,48.6,
12,1884,1,8.4,3.5,3.0,127.7,
13,1884,2,8.0,2.1,3.0,49.4,
14,1884,3,9.5,2.5,4.0,50.4,
15,1884,4,10.6,3.3,4.0,48.0,
16,1884,5,15.7,6.4,0.0,33.1,
17,1884,6,18.2,8.7,0.0,39.7,
18,1884,7,20.8,11.8,0.0,80.1,
19,1884,8,22.6,11.8,0.0,36.8,
20,1884,9,18.4,10.5,0.0,34.0,
21,1884,10,12.3,6.3,0.0,36.5,
22,1884,11,9.0,3.4,4.0,30.9,
23,1884,12,6.6,1.7,7.0,81.6,
24,1885,1,4.7,0.4,15.0,56.9,
25,1885,2,8.5,2.4,5.0,76.4,
26,1885,3,7.8,0.8,10.0,41.6,
27,1885,4,11.6,3.4,3.0,49.5,
28,1885,5,12.9,4.4,0.0,58.1,
29,1885,6,18.6,9.2,0.0,76.4,
30,1885,7,21.0,11.4,0.0,17.8,
31,1885,8,17.1,9.4,0.0,59.5,
32,1885,9,16.4,7.8,0.0,85.3,
33,1885,10,10.5,4.5,0.0,172.5,
34,1885,11,8.0,3.3,4.0,62.2,
35,1885,12,7.0,0.9,11.0,31.9,
36,1886,1,4.5,-0.7,20.0,121.8,
37,1886,2,3.9,-1.0,20.0,14.2,
38,1886,3,6.1,0.2,18.0,84.8,
39,1886,4,10.9,2.8,2.0,47.5,
40,1886,5,13.9,5.7,0.0,181.0,
41,1886,6,17.3,8.5,0.0,26.5,
42,1886,7,20.8,11.5,0.0,94.2,
43,1886,8,20.8,11.7,0.0,49.7,
44,1886,9,17.7,9.8,0.0,30.8,
45,1886,10,13.8,8.1,0.0,125.1,
46,1886,11,9.7,3.8,0.0,37.0,
47,1886,12,4.9,-0.5,12.0,127.7,
48,1887,1,5.1,-0.6,16.0,61.2,
49,1887,2,7.5,0.6,12.0,13.6,
50,1887,3,7.1,0.1,16.0,42.5,
51,1887,4,11.0,5.1,0.0,26.3,
52,1887,5,12.3,5.3,0.0,46.6,
53,1887,6,21.0,10.2,0.0,11.2,
54,1887,7,23.7,12.6,0.0,25.2,
55,1887,8,20.7,10.6,0.0,40.7,
56,1887,9,15.3,8.0,0.0,57.2,
57,1887,10,10.6,4.4,4.0,58.8,
58,1887,11,7.6,2.6,7.0,41.0,
59,1887,12,6.2,0.4,15.0,66.8,
60,1888,1,6.4,1.0,14.0,22.1,
61,1888,2,4.0,0.0,21.0,49.5,
62,1888,3,5.3,-0.1,19.0,98.1,
63,1888,4,8.9,2.7,8.0,52.6,
64,1888,5,15.8,6.1,0.0,16.3,
65,1888,6,16.9,8.4,0.0,61.8,
66,1888,7,16.2,9.6,0.0,129.3,
67,1888,8,18.0,10.2,0.0,61.1,
68,1888,9,16.0,8.8,0.0,22.9,
69,1888,10,11.8,4.5,3.0,17.4,
70,1888,11,9.7,4.9,0.0,160.2,
71,1888,12,7.7,2.7,6.0,52.2,
72,1889,1,6.1,0.9,9.0,39.0,
73,1889,2,6.0,0.6,14.0,50.8,
74,1889,3,7.5,1.4,9.0,107.6,
75,1889,4,9.9,3.6,0.0,92.0,
76,1889,5,16.4,8.4,0.0,97.7,
77,1889,6,20.0,10.5,0.0,6.1,
78,1889,7,18.7,10.8,0.0,62.8,
79,1889,8,18.7,11.3,0.0,69.6,
80,1889,9,16.1,9.5,0.0,46.8,
81,1889,10,11.2,5.5,0.0,100.1,
82,1889,11,9.4,4.4,4.0,18.2,
83,1889,12,6.4,1.4,10.0,39.4,
84,1890,1,8.6,2.3,3.0,103.7,
85,1890,2,5.7,1.1,10.0,21.4,
86,1890,3,9.6,3.0,8.0,62.9,
87,1890,4,9.9,2.9,2.0,20.8,
88,1890,5,16.2,6.8,0.0,79.9,
89,1890,6,17.2,10.0,0.0,48.4,
90,1890,7,17.7,10.8,0.0,57.4,
91,1890,8,18.0,10.8,0.0,78.2,
92,1890,9,19.4,11.0,0.0,37.5,
93,1890,10,13.5,7.0,1.0,37.1,
94,1890,11,9.0,2.8,6.0,122.4,
95,1890,12,1.9,-2.3,25.0,16.8,
96,1891,1,4.4,-0.8,18.0,59.5,
97,1891,2,8.8,1.4,9.0,1.8,
98,1891,3,7.0,1.1,10.0,53.6,
99,1891,4,8.5,1.9,3.0,53.0,
100,1891,5,13.1,5.3,1.0,86.8,
101,1891,6,18.0,9.7,0.0,89.2,
102,1891,7,18.9,11.0,0.0,57.6,
103,1891,8,17.5,10.9,0.0,83.5,
104,1891,9,18.3,10.4,0.0,58.5,
105,1891,10,12.8,6.1,0.0,102.6,
106,1891,11,8.1,3.1,6.0,71.3,
107,1891,12,7.1,1.0,9.0,161.4,
108,1892,1,4.3,0.1,15.0,63.1,
109,1892,2,5.4,0.4,12.0,89.8,
110,1892,3,5.7,-0.7,20.0,33.7,
111,1892,4,12.0,2.4,7.0,24.0,
112,1892,5,15.2,6.8,0.0,102.4,
113,1892,6,17.1,8.8,0.0,104.0,
114,1892,7,16.8,9.8,0.0,80.2,
115,1892,8,19.1,11.1,0.0,69.1,
116,1892,9,15.8,8.7,0.0,88.6,
117,1892,10,10.3,4.1,2.0,143.7,
118,1892,11,9.0,3.9,4.0,44.2,
119,1892,12,4.8,-0.3,16.0,22.8,
120,1893,1,4.6,0.4,14.0,47.2,
121,1893,2,7.0,1.6,7.0,112.0,
122,1893,3,12.6,3.4,5.0,19.8,
123,1893,4,15.1,3.8,0.0,19.5,
124,1893,5,16.9,7.4,0.0,73.7,
125,1893,6,19.3,10.0,0.0,34.0,
126,1893,7,19.9,11.5,0.0,77.3,
127,1893,8,21.9,12.7,0.0,40.7,
128,1893,9,16.7,8.8,0.0,31.2,
129,1893,10,13.8,6.5,1.0,45.9,
130,1893,11,8.1,2.0,7.0,49.1,
131,1893,12,7.8,1.8,7.0,104.5,
132,1894,1,5.6,0.6,11.0,77.1,
133,1894,2,8.4,1.5,9.0,132.1,
134,1894,3,10.9,1.8,5.0,48.4,
135,1894,4,13.1,5.1,0.0,70.0,
136,1894,5,12.2,4.8,1.0,49.1,
137,1894,6,17.4,9.4,0.0,60.6,
138,1894,7,20.3,11.2,0.0,83.0,
139,1894,8,17.3,10.6,0.0,54.5,
140,1894,9,14.4,8.5,0.0,26.1,
141,1894,10,11.7,6.0,2.0,128.2,
142,1894,11,10.5,5.7,0.0,37.6,
143,1894,12,7.8,2.8,5.0,64.8,
144,1895,1,2.0,-2.5,23.0,115.5,
145,1895,2,1.6,-4.2,24.0,5.8,
146,1895,3,8.6,2.1,7.0,56.6,
147,1895,4,12.2,4.2,5.0,49.6,
148,1895,5,16.9,7.0,0.0,28.8,
149,1895,6,19.2,9.6,0.0,57.1,
150,1895,7,19.0,11.4,0.0,112.4,
151,1895,8,20.0,12.0,0.0,55.5,
152,1895,9,21.0,10.7,0.0,19.9,
153,1895,10,10.8,3.9,6.0,87.3,
154,1895,11,10.0,4.7,1.0,114.5,
155,1895,12,5.8,1.5,10.0,95.1,
156,1896,1,7.4,3.0,5.0,29.7,
157,1896,2,7.5,2.0,8.0,28.8,
158,1896,3,9.8,3.1,1.0,89.5,
159,1896,4,12.6,5.3,0.0,46.0,
160,1896,5,16.4,6.6,0.0,10.4,
161,1896,6,20.4,11.2,0.0,79.1,
162,1896,7,20.6,11.7,0.0,23.6,
163,1896,8,17.3,10.6,0.0,43.6,
164,1896,9,15.8,9.6,0.0,126.8,
165,1896,10,9.8,4.0,0.0,76.9,
166,1896,11,7.4,2.5,4.0,28.8,
167,1896,12,6.2,1.9,9.0,98.6,
168,1897,1,3.2,-0.8,17.0,65.8,
169,1897,2,7.5,3.1,9.0,96.5,
170,1897,3,9.5,3.3,2.0,92.7,
171,1897,4,10.0,2.9,5.0,51.4,
172,1897,5,14.3,5.1,0.0,26.3,
173,1897,6,19.1,10.2,0.0,90.9,
174,1897,7,20.3,11.3,0.0,14.0,
175,1897,8,20.7,11.5,0.0,55.7,
176,1897,9,15.6,8.5,0.0,60.1,
177,1897,10,13.0,6.5,0.0,26.1,
178,1897,11,9.9,5.2,0.0,82.5,
179,1897,12,7.9,2.3,4.0,81.8,
180,1898,1,9.3,4.5,1.0,28.4,
181,1898,2,7.5,1.8,8.0,58.5,
182,1898,3,7.4,1.0,10.0,40.8,
183,1898,4,11.9,4.2,1.0,82.9,
184,1898,5,13.0,5.9,0.0,66.9,
185,1898,6,17.6,9.2,0.0,32.3,
186,1898,7,19.4,10.9,0.0,41.7,
187,1898,8,20.5,11.9,0.0,86.2,
188,1898,9,19.7,10.9,0.0,13.8,
189,1898,10,14.2,8.6,0.0,84.0,
190,1898,11,9.6,4.8,2.0,71.9,
191,1898,12,9.6,4.5,3.0,81.7,
192,1899,1,7.3,2.2,7.0,112.3,
193,1899,2,8.1,1.8,11.0,51.2,
194,1899,3,9.3,1.6,11.0,31.9,
195,1899,4,11.0,4.4,1.0,60.1,
196,1899,5,13.4,5.1,0.0,63.7,
197,1899,6,20.1,10.2,0.0,63.8,
198,1899,7,21.2,13.0,0.0,51.4,
199,1899,8,22.0,12.4,0.0,23.0,
200,1899,9,16.6,9.6,0.0,97.7,
201,1899,10,13.5,5.9,1.0,73.3,
202,1899,11,11.2,6.2,2.0,50.7,
203,1899,12,4.5,-0.1,15.0,73.0,
204,1900,1,6.2,2.1,1.0,101.0,
205,1900,2,5.0,-0.2,14.0,113.0,
206,1900,3,6.0,0.7,10.0,20.4,
207,1900,4,12.7,3.9,4.0,36.0,
208,1900,5,13.6,6.0,0.0,43.7,
209,1900,6,18.9,10.5,0.0,78.2,
210,1900,7,22.5,13.3,0.0,71.5,
211,1900,8,18.7,11.3,0.0,109.5,
212,1900,9,17.7,9.6,0.0,12.9,
213,1900,10,13.0,6.5,0.0,66.6,
214,1900,11,9.1,5.1,0.0,67.7,
215,1900,12,9.4,4.8,0.0,116.7,
216,1901,1,5.5,0.7,12.0,64.6,
217,1901,2,4.7,0.4,14.0,29.2,
218,1901,3,7.0,1.0,11.0,60.4,
219,1901,4,13.1,3.9,1.0,43.8,
220,1901,5,15.9,6.3,0.0,23.9,
221,1901,6,18.3,9.2,0.0,27.5,
222,1901,7,22.6,13.5,0.0,82.1,
223,1901,8,20.6,11.9,0.0,30.7,
224,1901,9,17.3,10.0,0.0,22.0,
225,1901,10,12.7,5.9,1.0,50.2,
226,1901,11,8.2,2.9,10.0,112.0,
227,1901,12,5.5,1.2,11.0,164.2,
228,1902,1,7.3,2.5,11.0,37.6,
229,1902,2,3.7,-0.8,17.0,44.5,
230,1902,3,10.5,3.6,1.0,38.4,
231,1902,4,11.2,3.1,1.0,74.4,
232,1902,5,11.9,5.1,0.0,75.0,
233,1902,6,17.8,9.3,0.0,43.4,
234,1902,7,18.4,10.4,0.0,51.4,
235,1902,8,17.2,9.9,0.0,120.4,
236,1902,9,16.5,9.2,0.0,50.9,
237,1902,10,12.1,6.9,0.0,81.4,
238,1902,11,9.1,4.6,2.0,63.6,
239,1902,12,7.0,2.7,8.0,68.2,
240,1903,1,6.3,1.8,8.0,90.3,
241,1903,2,9.6,4.1,1.0,66.4,
242,1903,3,10.4,3.4,0.0,97.2,
243,1903,4,10.0,2.7,7.0,48.4,
244,1903,5,14.0,6.5,0.0,97.4,
245,1903,6,17.0,8.7,0.0,30.1,
246,1903,7,19.2,11.5,0.0,58.9,
247,1903,8,17.6,10.7,0.0,107.8,
248,1903,9,16.6,9.1,0.0,100.5,
249,1903,10,12.8,7.3,0.0,182.6,
250,1903,11,9.3,4.1,2.0,42.8,
251,1903,12,5.2,1.2,8.0,44.7,
252,1904,1,6.6,1.7,7.0,80.6,
253,1904,2,4.9,0.8,7.0,131.7,
254,1904,3,7.3,1.3,7.0,52.1,
255,1904,4,12.1,5.2,0.0,60.4,
256,1904,5,14.5,6.8,0.0,63.1,
257,1904,6,17.3,9.1,0.0,17.3,
258,1904,7,21.3,12.3,0.0,50.5,
259,1904,8,19.2,11.1,0.0,96.1,
260,1904,9,16.9,8.7,0.0,28.1,
261,1904,10,13.4,6.8,0.0,17.3,
262,1904,11,8.7,3.7,6.0,57.2,
263,1904,12,6.5,1.6,11.0,46.8,
264,1905,1,6.5,1.6,13.0,35.9,
265,1905,2,7.5,2.5,4.0,32.4,
266,1905,3,10.4,3.5,0.0,72.0,
267,1905,4,10.1,3.8,3.0,59.5,
268,1905,5,14.9,6.5,0.0,10.5,
269,1905,6,19.0,10.0,0.0,77.5,
270,1905,7,21.8,13.3,0.0,40.6,
271,1905,8,18.5,11.0,0.0,103.0,
272,1905,9,15.7,9.3,0.0,28.9,
273,1905,10,10.4,4.5,0.0,44.7,
274,1905,11,7.5,2.9,3.0,99.1,
275,1905,12,7.5,3.0,3.0,14.9,
276,1906,1,7.2,2.9,4.0,97.8,
277,1906,2,5.6,0.4,14.0,76.4,
278,1906,3,8.6,1.5,13.0,59.5,
279,1906,4,12.0,2.2,4.0,16.0,
280,1906,5,13.9,6.9,0.0,48.9,
281,1906,6,18.6,9.9,0.0,44.9,
282,1906,7,20.4,11.6,0.0,36.9,
283,1906,8,21.3,12.8,0.0,44.1,
284,1906,9,18.7,10.0,0.0,17.9,
285,1906,10,13.8,7.8,0.0,141.4,
286,1906,11,10.2,5.0,1.0,86.4,
287,1906,12,5.9,0.8,12.0,77.4,
288,1907,1,6.4,1.3,10.0,35.2,
289,1907,2,6.0,0.4,13.0,57.6,
290,1907,3,11.1,2.8,5.0,65.5,
291,1907,4,11.0,3.8,2.0,56.7,
292,1907,5,13.7,6.5,0.0,97.3,
293,1907,6,15.9,9.0,0.0,92.2,
294,1907,7,17.1,10.0,0.0,53.2,
295,1907,8,18.2,10.6,0.0,55.9,
296,1907,9,18.3,9.3,0.0,11.6,
297,1907,10,13.0,6.7,0.0,136.8,
298,1907,11,9.5,4.5,3.0,84.4,
299,1907,12,6.6,2.2,7.0,57.0,
300,1908,1,5.8,0.5,16.0,46.3,
301,1908,2,7.9,2.8,3.0,58.7,
302,1908,3,6.9,1.0,13.0,80.2,
303,1908,4,9.0,2.3,5.0,60.2,
304,1908,5,16.8,8.3,0.0,59.4,
305,1908,6,18.2,9.4,0.0,39.6,
306,1908,7,19.5,11.6,0.0,64.8,
307,1908,8,18.1,10.6,0.0,78.4,
308,1908,9,16.7,9.4,0.0,39.4,
309,1908,10,15.3,9.0,0.0,28.9,
310,1908,11,10.2,4.6,3.0,38.1,
311,1908,12,6.1,1.5,7.0,51.6,
312,1909,1,6.2,1.2,9.0,51.8,
313,1909,2,5.9,0.5,17.0,16.7,
314,1909,3,6.4,0.7,16.0,108.0,
315,1909,4,13.9,4.1,2.0,43.2,
316,1909,5,15.6,5.8,0.0,50.4,
317,1909,6,15.1,8.2,0.0,79.4,
318,1909,7,18.1,11.2,0.0,84.4,
319,1909,8,20.3,11.5,0.0,55.1,
320,1909,9,14.7,9.0,0.0,57.3,
321,1909,10,13.7,6.9,1.0,72.6,
322,1909,11,8.1,3.2,4.0,17.7,
323,1909,12,6.1,1.6,8.0,167.5,
324,1910,1,6.0,1.0,11.0,75.0,
325,1910,2,7.5,2.1,3.0,89.5,
326,1910,3,10.0,2.9,2.0,22.7,
327,1910,4,10.8,3.2,2.0,61.4,
328,1910,5,14.8,6.9,0.0,60.8,
329,1910,6,18.8,10.4,0.0,66.1,
330,1910,7,17.7,10.3,0.0,45.9,
331,1910,8,18.7,11.6,0.0,87.9,
332,1910,9,15.6,9.5,0.0,7.6,
333,1910,10,13.3,8.2,0.0,58.8,
334,1910,11,5.9,0.9,8.0,102.2,
335,1910,12,8.2,4.0,2.0,109.5,
336,1911,1,6.2,1.7,7.0,31.8,
337,1911,2,7.6,2.5,2.0,74.3,
338,1911,3,7.0,2.2,1.0,30.9,
339,1911,4,10.7,4.1,4.0,35.3,
340,1911,5,17.3,8.5,0.0,25.1,
341,1911,6,18.8,9.6,0.0,53.5,
342,1911,7,23.4,12.4,0.0,3.8,
343,1911,8,23.0,13.4,0.0,43.8,
344,1911,9,18.6,9.4,0.0,54.1,
345,1911,10,11.8,6.5,1.0,55.7,
346,1911,11,8.5,3.7,1.0,101.3,
347,1911,12,8.1,3.8,0.0,137.2,
348,1912,1,5.4,1.2,9.0,128.3,
349,1912,2,7.3,2.5,6.0,40.7,
350,1912,3,9.7,4.2,1.0,87.4,
351,1912,4,12.9,4.3,1.0,12.9,
352,1912,5,15.3,7.8,0.0,93.0,
353,1912,6,17.5,10.0,0.0,98.5,
354,1912,7,18.8,11.9,0.0,131.0,
355,1912,8,16.0,9.6,0.0,144.5,
356,1912,9,14.3,8.0,0.0,30.0,
357,1912,10,12.5,5.2,0.0,72.3,
358,1912,11,8.8,4.5,3.0,58.0,
359,1912,12,9.3,4.1,1.0,100.5,
360,1913,1,6.0,1.5,9.0,95.5,
361,1913,2,8.3,2.2,4.0,30.4,
362,1913,3,8.8,2.6,1.0,110.8,
363,1913,4,11.3,4.0,2.0,77.7,
364,1913,5,15.5,7.3,0.0,55.3,
365,1913,6,18.2,9.8,0.0,20.8,
366,1913,7,17.7,10.8,0.0,39.7,
367,1913,8,19.1,11.1,0.0,31.2,
368,1913,9,17.4,10.5,0.0,76.1,
369,1913,10,13.6,8.2,0.0,105.2,
370,1913,11,11.1,5.7,1.0,82.0,
371,1913,12,7.3,3.4,5.0,49.3,
372,1914,1,6.1,2.0,10.0,41.0,
373,1914,2,9.5,4.2,0.0,50.2,
374,1914,3,9.1,3.1,1.0,66.3,
375,1914,4,14.8,5.2,0.0,33.7,
376,1914,5,14.6,6.6,1.0,37.6,
377,1914,6,19.1,10.0,0.0,55.5,
378,1914,7,20.2,12.3,0.0,63.5,
379,1914,8,20.7,12.0,0.0,32.5,
380,1914,9,17.6,9.1,0.0,40.7,
381,1914,10,13.1,7.9,0.0,57.5,
382,1914,11,9.2,4.4,0.0,101.4,
383,1914,12,6.6,2.4,2.0,154.6,
384,1915,1,6.2,2.1,1.0,90.9,
385,1915,2,6.6,1.3,8.0,106.4,
386,1915,3,8.7,2.0,10.0,27.0,
387,1915,4,11.5,4.0,0.0,31.2,
388,1915,5,15.0,5.8,0.0,37.7,
389,1915,6,19.0,9.5,0.0,39.6,
390,1915,7,18.3,11.2,0.0,108.2,
391,1915,8,19.3,11.6,0.0,56.5,
392,1915,9,17.5,9.5,0.0,16.7,
393,1915,10,11.8,6.5,0.0,41.4,
394,1915,11,6.1,1.5,6.0,81.4,
395,1915,12,7.2,2.8,1.0,198.0,
396,1916,1,10.4,5.0,0.0,44.5,
397,1916,2,5.9,1.0,5.0,136.3,
398,1916,3,5.0,0.4,14.0,126.3,
399,1916,4,12.4,4.4,0.0,35.4,
400,1916,5,15.5,7.4,0.0,67.3,
401,1916,6,15.1,8.0,0.0,56.0,
402,1916,7,18.9,11.6,0.0,30.6,
403,1916,8,20.8,12.6,0.0,37.0,
404,1916,9,16.2,9.4,0.0,38.2,
405,1916,10,13.6,7.5,0.0,90.7,
406,1916,11,9.5,4.5,1.0,100.1,
407,1916,12,4.9,0.5,9.0,78.3,
408,1917,1,3.1,0.3,16.0,54.2,
409,1917,2,4.0,-0.8,15.0,16.2,
410,1917,3,5.9,-0.1,15.0,64.0,
411,1917,4,8.7,1.4,11.0,45.9,
412,1917,5,17.2,7.7,1.0,43.0,
413,1917,6,19.4,10.3,0.0,65.1,
414,1917,7,20.4,11.7,0.0,26.2,
415,1917,8,19.0,12.2,0.0,128.6,
416,1917,9,18.1,10.8,0.0,21.6,
417,1917,10,11.2,4.4,0.0,101.9,
418,1917,11,10.9,6.2,1.0,54.6,
419,1917,12,5.2,0.7,10.0,38.3,
420,1918,1,6.4,1.3,10.0,66.8,
421,1918,2,8.9,3.7,4.0,73.1,
422,1918,3,9.1,2.4,6.0,36.7,
423,1918,4,10.0,3.4,1.0,34.8,
424,1918,5,17.9,8.3,0.0,69.0,
425,1918,6,17.3,9.0,0.0,14.8,
426,1918,7,,,,103.7,
427,1918,8,,,,44.7,
428,1918,9,,,,178.5,
429,1918,10,,,,50.2,
430,1918,11,,,,39.6,
431,1918,12,,,,116.4,
432,1919,1,,,,112.3,
433,1919,2,,,,56.6,
434,1919,3,,,,114.8,
435,1919,4,,,,43.6,
436,1919,5,,,,41.1,
437,1919,6,,,,13.2,
438,1919,7,,,,116.4,
439,1919,8,,,,76.4,
440,1919,9,,,,63.1,
441,1919,10,,,,78.1,
442,1919,11,,,,57.5,
443,1919,12,,,,136.6,
444,1920,1,7.9,2.2,4.0,104.9,
445,1920,2,8.8,3.0,1.0,81.0,
446,1920,3,10.7,3.7,3.0,56.8,
447,1920,4,10.4,4.8,0.0,122.6,
448,1920,5,15.7,7.5,0.0,79.1,
449,1920,6,18.4,9.6,0.0,88.1,
450,1920,7,17.5,10.8,0.0,110.8,
451,1920,8,17.1,10.3,0.0,22.6,
452,1920,9,16.6,9.4,0.0,28.6,
453,1920,10,13.4,7.5,0.0,50.5,
454,1920,11,9.5,4.9,1.0,29.2,
455,1920,12,6.6,2.5,5.0,82.7,
456,1921,1,9.5,4.5,2.0,85.3,
457,1921,2,7.1,2.7,2.0,8.6,
458,1921,3,10.6,4.1,1.0,48.6,
459,1921,4,12.4,4.2,2.0,23.4,
460,1921,5,16.1,6.7,0.0,31.8,
461,1921,6,19.3,9.6,0.0,8.4,
462,1921,7,23.8,12.7,0.0,11.5,
463,1921,8,19.2,11.7,0.0,121.5,
464,1921,9,18.5,10.3,0.0,28.4,
465,1921,10,16.7,9.6,0.0,56.3,
466,1921,11,7.2,2.4,6.0,48.8,
467,1921,12,9.2,4.1,2.0,105.7,
468,1922,1,5.3,0.9,9.0,111.5,
469,1922,2,6.8,0.9,11.0,81.1,
470,1922,3,6.7,1.6,4.0,50.9,
471,1922,4,8.9,1.7,3.0,96.6,
472,1922,5,17.9,8.3,0.0,20.7,
473,1922,6,18.2,9.1,0.0,32.1,
474,1922,7,17.2,9.9,0.0,83.3,
475,1922,8,16.8,10.2,0.0,197.7,
476,1922,9,15.3,8.9,0.0,72.6,
477,1922,10,11.4,5.5,0.0,26.0,
478,1922,11,9.1,3.7,1.0,37.3,
479,1922,12,7.8,3.5,1.0,94.4,
480,1923,1,8.5,4.1,0.0,36.2,
481,1923,2,7.0,2.3,4.0,153.0,
482,1923,3,9.5,3.3,1.0,46.8,
483,1923,4,10.5,3.8,0.0,59.2,
484,1923,5,12.5,5.4,0.0,80.8,
485,1923,6,15.3,8.9,0.0,19.6,
486,1923,7,,,,119.6,
487,1923,8,,,,73.3,
488,1923,9,,,,59.1,
489,1923,10,,,,51.8,
490,1923,11,,,,115.4,
491,1923,12,,,,69.1,
492,1924,1,6.6,2.3,8.0,54.2,
493,1924,2,5.6,1.2,11.0,31.3,
494,1924,3,7.5,-0.3,18.0,21.8,
495,1924,4,10.8,2.9,3.0,49.1,
496,1924,5,15.2,7.6,0.0,93.8,
497,1924,6,17.9,10.1,0.0,40.4,
498,1924,7,19.2,11.5,0.0,65.6,
499,1924,8,17.5,10.7,0.0,63.2,
500,1924,9,16.2,10.3,0.0,89.3,
501,1924,10,12.9,7.2,0.0,102.3,
502,1924,11,9.4,5.1,0.0,55.6,
503,1924,12,9.0,5.1,0.0,73.5,
504,1925,1,7.5,2.7,1.0,84.8,
505,1925,2,7.6,1.9,3.0,98.2,
506,1925,3,7.6,2.4,7.0,24.3,
507,1925,4,11.1,3.6,1.0,75.0,
508,1925,5,15.8,7.7,0.0,94.6,
509,1925,6,19.3,10.2,0.0,2.2,
510,1925,7,21.8,12.6,0.0,23.2,
511,1925,8,19.5,12.1,0.0,79.4,
512,1925,9,14.9,8.2,0.0,60.8,
513,1925,10,13.7,7.2,0.0,91.2,
514,1925,11,6.5,1.6,12.0,62.0,
515,1925,12,5.3,0.8,14.0,78.2,
516,1926,1,6.8,2.2,9.0,83.8,
517,1926,2,9.0,4.0,4.0,55.6,
518,1926,3,9.1,3.2,3.0,35.2,
519,1926,4,13.2,5.7,0.0,45.1,
520,1926,5,13.5,6.0,0.0,74.1,
521,1926,6,17.6,9.6,0.0,77.5,
522,1926,7,20.9,13.0,0.0,62.1,
523,1926,8,20.6,11.9,0.0,70.2,
524,1926,9,17.8,10.4,0.0,34.1,
525,1926,10,11.2,5.0,3.0,78.0,
526,1926,11,8.6,3.3,1.0,95.0,
527,1926,12,6.7,2.4,4.0,30.7,
528,1927,1,7.2,2.7,4.0,47.9,
529,1927,2,7.4,1.8,8.0,38.2,
530,1927,3,10.3,3.9,0.0,74.6,
531,1927,4,11.7,4.5,0.0,56.7,
532,1927,5,14.4,6.3,0.0,33.8,
533,1927,6,15.8,8.3,0.0,105.4,
534,1927,7,19.0,11.9,0.0,67.5,
535,1927,8,19.4,12.1,0.0,127.5,
536,1927,9,15.5,9.6,0.0,99.8,
537,1927,10,13.4,7.2,0.0,64.5,
538,1927,11,8.5,3.7,2.0,84.2,
539,1927,12,3.0,0.0,11.0,66.7,
540,1928,1,8.0,2.5,1.0,167.7,
541,1928,2,8.9,2.8,1.0,104.9,
542,1928,3,8.7,2.9,4.0,72.2,
543,1928,4,11.8,4.0,2.0,31.9,
544,1928,5,13.8,6.3,0.0,31.9,
545,1928,6,16.6,8.6,0.0,77.2,
546,1928,7,20.3,12.2,0.0,17.7,
547,1928,8,19.5,11.4,0.0,64.3,
548,1928,9,17.0,8.8,0.0,6.0,
549,1928,10,12.9,7.1,0.0,122.0,
550,1928,11,10.4,5.3,1.0,118.1,
551,1928,12,6.0,1.4,9.0,57.2,
552,1929,1,3.8,0.3,12.0,40.5,23.7
553,1929,2,2.6,-2.5,17.0,17.1,16.9
554,1929,3,12.1,2.4,6.0,3.3,
555,1929,4,10.1,2.9,3.0,25.9,108.0
556,1929,5,15.9,6.7,0.0,52.1,188.3
557,1929,6,17.3,9.3,0.0,38.0,192.0
558,1929,7,20.9,11.9,0.0,25.3,193.8
559,1929,8,19.1,11.2,0.0,47.7,154.2
560,1929,9,20.1,10.9,0.0,37.3,178.9
561,1929,10,12.7,6.4,0.0,85.9,106.8
562,1929,11,9.4,3.9,4.0,153.2,57.5
563,1929,12,7.8,3.1,2.0,186.2,56.0
564,1930,1,8.1,2.4,6.0,120.5,54.2
565,1930,2,4.4,0.6,12.0,22.2,29.1
566,1930,3,8.1,2.1,9.0,76.2,88.2
567,1930,4,11.0,4.8,0.0,64.5,75.1
568,1930,5,14.1,6.6,0.0,38.3,119.9
569,1930,6,19.7,10.5,0.0,27.1,187.7
570,1930,7,18.6,11.4,0.0,149.4,162.1
571,1930,8,19.9,11.9,0.0,62.3,179.2
572,1930,9,16.7,10.5,0.0,127.9,111.5
573,1930,10,13.4,7.6,0.0,79.1,123.7
574,1930,11,9.3,3.5,4.0,83.4,67.9
575,1930,12,6.5,1.8,7.0,68.3,16.5
576,1931,1,6.1,1.2,7.0,61.0,48.0
577,1931,2,5.8,1.6,5.0,83.4,44.8
578,1931,3,7.3,-0.3,17.0,5.4,114.1
579,1931,4,10.8,4.7,1.0,83.8,101.2
580,1931,5,15.3,7.2,0.0,78.3,147.9
581,1931,6,17.8,10.5,0.0,111.8,133.9
582,1931,7,19.2,12.3,0.0,104.1,128.6
583,1931,8,17.8,10.5,0.0,145.2,145.7
584,1931,9,15.0,9.1,0.0,94.3,80.4
585,1931,10,12.8,5.5,5.0,20.0,122.8
586,1931,11,10.1,5.1,0.0,104.7,31.8
587,1931,12,8.1,3.2,9.0,35.9,39.1
588,1932,1,9.2,3.3,8.0,68.6,49.8
589,1932,2,6.3,1.6,8.0,10.1,26.8
590,1932,3,8.0,2.0,8.0,41.1,45.3
591,1932,4,9.8,3.2,1.0,82.2,117.6
592,1932,5,13.0,6.8,1.0,170.7,86.4
593,1932,6,18.0,9.4,0.0,17.2,158.7
594,1932,7,19.6,12.7,0.0,122.1,135.9
595,1932,8,21.0,13.5,0.0,61.0,151.2
596,1932,9,17.0,9.4,0.0,46.3,143.2
597,1932,10,11.8,5.9,0.0,101.1,85.7
598,1932,11,8.8,4.5,0.0,59.0,26.1
599,1932,12,7.8,3.8,3.0,30.0,33.5
600,1933,1,5.2,0.2,13.0,53.1,34.2
601,1933,2,6.7,1.7,8.0,113.2,73.3
602,1933,3,11.5,3.0,2.0,64.2,126.8
603,1933,4,13.0,5.5,1.0,33.8,112.1
604,1933,5,15.7,8.3,0.0,48.0,121.2
605,1933,6,20.4,10.8,0.0,26.7,211.0
606,1933,7,23.0,13.6,0.0,53.0,207.8
607,1933,8,22.7,13.4,0.0,11.5,218.7
608,1933,9,19.7,11.1,0.0,41.1,141.7
609,1933,10,12.9,7.7,0.0,128.0,70.0
610,1933,11,8.3,4.5,0.0,46.4,40.7
611,1933,12,4.6,0.7,9.0,14.8,10.9
612,1934,1,7.5,1.8,7.0,68.7,47.4
613,1934,2,7.7,2.0,6.0,7.5,76.4
614,1934,3,7.9,1.8,2.0,77.0,75.3
615,1934,4,11.3,4.1,2.0,65.3,109.5
616,1934,5,16.0,7.4,0.0,33.1,169.1
617,1934,6,19.3,10.2,0.0,23.3,161.0
618,1934,7,23.8,13.4,0.0,39.6,225.8
619,1934,8,19.6,11.2,0.0,27.5,159.5
620,1934,9,19.1,10.2,0.0,45.1,142.4
621,1934,10,13.1,7.7,0.0,66.1,84.0
622,1934,11,8.6,4.7,2.0,50.0,31.8
623,1934,12,9.5,6.0,0.0,123.6,14.3
624,1935,1,6.9,3.0,3.0,38.0,46.0
625,1935,2,8.0,3.2,2.0,101.5,43.1
626,1935,3,9.6,3.6,4.0,39.0,96.9
627,1935,4,11.5,4.2,0.0,63.3,128.6
628,1935,5,14.0,5.3,0.0,9.7,185.2
629,1935,6,19.7,10.8,0.0,77.2,189.9
630,1935,7,22.2,12.7,0.0,17.0,238.8
631,1935,8,22.4,12.4,0.0,50.7,192.1
632,1935,9,17.4,9.5,0.0,104.2,140.3
633,1935,10,12.5,6.0,1.0,128.6,73.7
634,1935,11,9.1,4.2,0.0,147.6,51.1
635,1935,12,5.1,0.9,11.0,94.5,32.5
636,1936,1,5.5,1.3,10.0,81.9,32.9
637,1936,2,4.2,-0.8,17.0,69.5,38.1
638,1936,3,9.4,3.5,2.0,52.7,41.9
639,1936,4,9.7,3.0,2.0,39.9,146.5
640,1936,5,14.6,6.9,0.0,34.5,137.0
641,1936,6,18.8,10.2,0.0,87.2,151.6
642,1936,7,18.9,12.0,0.0,93.0,146.3
643,1936,8,20.3,12.5,0.0,32.6,165.6
644,1936,9,17.5,11.7,0.0,64.5,75.0
645,1936,10,12.9,6.9,0.0,74.3,91.5
646,1936,11,8.5,3.1,5.0,76.8,39.3
647,1936,12,8.1,2.7,6.0,67.4,42.2
648,1937,1,7.2,2.2,8.0,139.3,25.6
649,1937,2,7.3,2.7,1.0,131.9,57.4
650,1937,3,5.5,0.2,13.0,84.9,78.3
651,1937,4,11.7,5.2,1.0,56.5,80.5
652,1937,5,16.0,7.8,0.0,77.7,166.1
653,1937,6,17.9,10.4,0.0,27.7,156.2
654,1937,7,19.7,12.5,0.0,75.3,135.0
655,1937,8,21.3,12.5,0.0,14.9,153.8
656,1937,9,17.5,9.5,0.0,50.1,140.0
657,1937,10,13.5,7.9,0.0,85.5,59.9
658,1937,11,8.0,3.2,4.0,59.9,34.4
659,1937,12,5.1,1.2,10.0,95.1,17.1
660,1938,1,8.3,3.4,0.0,93.9,41.1
661,1938,2,7.2,2.7,0.0,27.1,38.0
662,1938,3,13.8,6.1,0.0,7.2,128.4
663,1938,4,11.6,4.3,0.0,4.8,112.7
664,1938,5,14.9,6.6,0.0,67.1,150.0
665,1938,6,18.5,10.6,0.0,50.6,183.8
666,1938,7,18.7,11.3,0.0,96.1,128.7
667,1938,8,19.7,12.1,0.0,78.4,131.0
668,1938,9,17.1,10.4,0.0,58.7,107.3
669,1938,10,13.4,7.4,0.0,119.8,88.1
670,1938,11,11.7,6.4,0.0,101.8,74.4
671,1938,12,6.3,1.7,7.0,84.1,30.1
672,1939,1,6.0,1.9,7.0,148.9,20.7
673,1939,2,8.2,2.6,3.0,45.0,71.6
674,1939,3,8.3,3.1,0.0,55.4,88.6
675,1939,4,12.2,4.7,1.0,48.4,150.7
676,1939,5,15.6,7.2,0.0,49.2,163.1
677,1939,6,18.4,9.2,0.0,60.3,188.4
678,1939,7,19.1,12.0,0.0,129.3,133.0
679,1939,8,19.9,12.6,0.0,61.4,90.2
680,1939,9,17.2,11.0,0.0,49.3,80.9
681,1939,10,11.0,5.3,0.0,94.8,74.4
682,1939,11,10.7,5.8,0.0,136.6,41.9
683,1939,12,5.8,2.6,2.0,57.7,31.9
684,1940,1,1.8,-3.5,27.0,83.3,32.8
685,1940,2,3.5,-0.8,15.0,63.1,14.3
686,1940,3,9.5,2.6,7.0,53.4,104.3
687,1940,4,11.8,4.4,1.0,69.1,105.1
688,1940,5,17.4,7.9,0.0,28.8,193.9
689,1940,6,22.4,11.6,0.0,15.1,278.9
690,1940,7,19.5,11.4,0.0,69.5,169.8
691,1940,8,19.7,11.7,0.0,7.7,172.0
692,1940,9,16.8,9.0,0.0,34.2,154.6
693,1940,10,12.2,6.9,1.0,106.9,52.2
694,1940,11,9.2,4.6,1.0,173.0,43.5
695,1940,12,6.5,2.3,1.0,61.3,28.3
696,1941,1,1.7,-1.4,22.0,125.5,19.8
697,1941,2,5.4,0.5,13.0,87.7,65.6
698,1941,3,7.9,1.1,5.0,125.1,96.9
699,1941,4,8.9,3.2,1.0,46.4,70.6
700,1941,5,13.0,5.2,1.0,77.6,115.9
701,1941,6,19.8,10.3,0.0,6.0,203.4
702,1941,7,22.4,13.5,0.0,106.2,208.3
703,1941,8,18.6,11.3,0.0,69.6,175.7
704,1941,9,18.2,11.4,0.0,8.5,62.7
705,1941,10,13.0,7.9,0.0,108.8,58.6
706,1941,11,8.5,3.8,1.0,92.5,25.3
707,1941,12,8.6,4.1,3.0,28.2,39.3
708,1942,1,3.2,-0.8,18.0,84.0,19.6
709,1942,2,2.5,-2.4,25.0,31.1,24.3
710,1942,3,7.4,1.5,7.0,57.1,36.1
711,1942,4,13.1,4.4,0.0,36.0,182.1
712,1942,5,15.2,6.8,0.0,114.3,190.1
713,1942,6,19.3,10.2,0.0,29.4,190.4
714,1942,7,19.7,11.5,0.0,52.3,183.5
715,1942,8,19.9,12.9,0.0,84.8,103.6
716,1942,9,17.2,10.2,0.0,29.4,120.4
717,1942,10,13.7,7.8,0.0,67.6,78.8
718,1942,11,8.5,4.1,0.0,37.0,39.9
719,1942,12,8.9,4.3,4.0,58.1,25.3
720,1943,1,6.4,2.2,7.0,117.6,29.8
721,1943,2,8.9,3.4,1.0,41.1,101.8
722,1943,3,10.6,3.4,2.0,33.4,112.7
723,1943,4,14.5,6.8,0.0,48.0,163.3
724,1943,5,16.8,7.2,0.0,69.6,222.8
725,1943,6,18.5,10.7,0.0,39.3,188.4
726,1943,7,21.0,11.6,0.0,32.6,211.3
727,1943,8,19.5,12.0,0.0,61.9,111.7
728,1943,9,16.6,10.0,0.0,83.2,121.0
729,1943,10,14.0,7.7,0.0,48.3,86.5
730,1943,11,8.6,4.3,0.0,59.8,47.8
731,1943,12,6.5,2.3,6.0,26.5,30.0
732,1944,1,8.8,3.4,4.0,96.2,41.2
733,1944,2,5.9,1.1,8.0,50.6,41.3
734,1944,3,8.7,2.5,7.0,11.0,95.8
735,1944,4,13.8,6.2,1.0,58.5,125.6
736,1944,5,15.3,7.0,0.0,60.0,163.3
737,1944,6,16.8,9.4,0.0,56.3,146.3
738,1944,7,19.5,12.8,0.0,58.2,99.7
739,1944,8,20.8,12.5,0.0,64.1,142.0
740,1944,9,15.9,9.1,0.0,111.7,101.7
741,1944,10,11.7,6.8,0.0,77.3,61.9
742,1944,11,8.8,3.7,0.0,142.1,31.1
743,1944,12,6.5,1.8,6.0,61.9,38.8
744,1945,1,3.4,-1.0,17.0,75.2,49.1
745,1945,2,10.1,4.2,1.0,69.1,59.4
746,1945,3,12.2,5.1,0.0,13.7,114.5
747,1945,4,14.3,6.0,1.0,44.5,163.6
748,1945,5,16.1,8.0,0.0,78.8,142.6
749,1945,6,18.5,10.9,0.0,80.4,162.8
750,1945,7,20.9,13.2,0.0,45.3,192.0
751,1945,8,20.1,11.9,0.0,66.8,150.5
752,1945,9,17.5,11.0,0.0,20.9,77.5
753,1945,10,15.2,8.9,0.0,136.8,75.5
754,1945,11,9.3,5.7,0.0,9.9,22.8
755,1945,12,7.6,3.0,4.0,42.5,33.6
756,1946,1,5.7,0.6,16.0,108.1,31.5
757,1946,2,8.2,3.5,6.0,111.8,71.0
758,1946,3,8.8,2.0,9.0,32.9,102.9
759,1946,4,14.1,6.3,0.0,29.2,150.5
760,1946,5,13.9,6.0,0.0,60.7,143.6
761,1946,6,17.1,9.5,0.0,85.3,178.9
762,1946,7,20.3,12.8,0.0,63.9,170.7
763,1946,8,18.2,11.1,0.0,110.2,130.1
764,1946,9,17.0,10.7,0.0,113.0,98.0
765,1946,10,11.7,7.5,0.0,32.0,47.5
766,1946,11,10.2,5.8,0.0,158.2,22.5
767,1946,12,5.8,1.3,6.0,80.4,45.3
768,1947,1,3.7,0.0,16.0,85.4,34.8
769,1947,2,-0.6,-3.5,28.0,69.0,18.5
770,1947,3,5.3,0.2,14.0,141.4,58.5
771,1947,4,11.9,5.0,0.0,88.5,142.0
772,1947,5,18.2,8.5,0.0,56.8,151.3
773,1947,6,19.8,11.7,0.0,68.4,168.6
774,1947,7,20.6,13.6,0.0,32.8,116.7
775,1947,8,23.9,13.3,0.0,12.7,239.0
776,1947,9,18.8,11.1,0.0,35.5,145.5
777,1947,10,14.6,8.2,0.0,14.0,83.1
778,1947,11,9.8,4.7,5.0,72.6,89.2
779,1947,12,7.6,3.4,6.0,94.0,22.8
780,1948,1,7.2,2.6,1.0,165.3,32.4
781,1948,2,6.5,2.3,8.0,59.0,34.8
782,1948,3,12.4,4.0,2.0,26.1,131.2
783,1948,4,12.9,4.9,0.0,42.1,154.7
784,1948,5,15.9,6.5,0.0,38.4,216.8
785,1948,6,16.9,9.7,0.0,72.5,151.8
786,1948,7,19.7,11.7,0.0,24.2,171.6
787,1948,8,18.5,11.5,0.0,118.9,108.0
788,1948,9,16.7,10.8,0.0,37.4,101.0
789,1948,10,13.4,7.2,0.0,37.1,78.3
790,1948,11,10.6,4.9,3.0,28.0,62.9
791,1948,12,7.9,3.0,5.0,87.6,33.0
792,1949,1,7.8,3.0,3.0,34.4,48.0
793,1949,2,8.9,2.8,5.0,38.4,96.0
794,1949,3,7.2,1.9,8.0,32.5,90.3
795,1949,4,13.7,6.0,0.0,66.4,148.3
796,1949,5,15.6,6.7,0.0,41.0,225.2
797,1949,6,20.2,9.9,0.0,13.3,227.1
798,1949,7,21.6,12.7,0.0,114.8,170.4
799,1949,8,21.1,12.5,0.0,41.6,181.0
800,1949,9,19.9,12.3,0.0,28.0,126.9
801,1949,10,14.5,8.1,1.0,84.2,92.7
802,1949,11,8.9,4.0,1.0,112.9,46.8
803,1949,12,8.0,3.3,0.0,105.7,35.0
804,1950,1,6.4,2.3,9.0,35.7,15.8
805,1950,2,8.0,1.8,5.0,147.9,65.6
806,1950,3,11.4,4.0,1.0,25.5,114.2
807,1950,4,10.7,3.4,1.0,78.0,141.4
808,1950,5,13.9,6.8,0.0,38.9,112.7
809,1950,6,21.1,11.4,0.0,28.4,248.8
810,1950,7,19.9,12.2,0.0,43.1,184.2
811,1950,8,19.8,11.8,0.0,84.6,160.9
812,1950,9,16.1,9.6,0.0,87.1,106.4
813,1950,10,12.6,7.0,0.0,35.4,90.5
814,1950,11,8.1,3.3,2.0,119.3,34.5
815,1950,12,3.2,-0.3,16.0,50.6,36.1
816,1951,1,5.9,1.6,8.0,68.8,41.7
817,1951,2,5.7,1.0,2.0,92.4,41.1
818,1951,3,6.5,0.9,7.0,102.5,75.7
819,1951,4,10.3,3.4,0.0,31.8,146.1
820,1951,5,13.0,5.8,0.0,100.6,118.2
821,1951,6,17.9,9.4,0.0,14.7,206.8
822,1951,7,20.6,12.3,0.0,32.9,184.9
823,1951,8,18.4,11.2,0.0,133.1,143.7
824,1951,9,17.7,10.7,0.0,45.1,113.5
825,1951,10,13.5,6.5,0.0,23.7,96.3
826,1951,11,10.6,6.0,0.0,199.2,50.9
827,1951,12,8.2,2.6,4.0,92.9,38.8
828,1952,1,5.0,0.7,7.0,89.9,52.9
829,1952,2,6.4,0.9,11.0,19.7,60.5
830,1952,3,9.0,3.5,5.0,57.0,61.8
831,1952,4,13.7,5.4,0.0,40.8,140.7
832,1952,5,17.6,9.0,0.0,74.4,173.9
833,1952,6,18.4,10.3,0.0,37.4,192.8
834,1952,7,19.9,12.9,0.0,32.6,137.4
835,1952,8,19.9,12.0,0.0,37.0,160.3
836,1952,9,13.7,8.1,0.0,70.0,77.3
837,1952,10,11.8,6.2,0.0,124.6,94.2
838,1952,11,6.6,2.3,5.0,50.7,55.5
839,1952,12,5.9,1.5,7.0,60.4,39.5
840,1953,1,6.4,2.4,3.0,21.2,26.3
841,1953,2,7.3,2.6,6.0,54.8,40.2
842,1953,3,10.6,2.0,8.0,47.8,82.4
843,1953,4,11.0,3.4,0.0,59.9,128.9
844,1953,5,17.4,8.5,0.0,61.4,180.0
845,1953,6,17.8,10.7,0.0,49.5,108.7
846,1953,7,19.4,12.0,0.0,66.1,184.4
847,1953,8,20.2,12.4,0.0,79.6,180.9
848,1953,9,18.0,10.3,0.0,34.8,142.8
849,1953,10,13.3,6.5,0.0,50.3,68.2
850,1953,11,11.2,6.3,0.0,44.0,39.7
851,1953,12,8.8,5.0,0.0,28.8,24.2
852,1954,1,5.3,1.0,11.0,70.2,27.5
853,1954,2,4.3,-0.2,11.0,74.5,40.5
854,1954,3,8.6,2.4,3.0,61.4,90.4
855,1954,4,11.7,4.1,0.0,7.6,120.4
856,1954,5,14.9,7.4,0.0,93.8,104.4
857,1954,6,16.4,9.9,0.0,57.2,117.5
858,1954,7,17.4,10.9,0.0,49.2,126.9
859,1954,8,17.7,11.0,0.0,166.7,98.8
860,1954,9,16.4,9.0,0.0,58.0,161.4
861,1954,10,14.9,9.2,0.0,78.7,80.5
862,1954,11,9.6,4.1,0.0,170.7,48.0
863,1954,12,8.8,4.3,2.0,95.8,31.5
864,1955,1,4.8,0.5,12.0,60.0,31.7
865,1955,2,3.5,-0.9,17.0,69.2,55.0
866,1955,3,6.5,-0.1,17.0,88.1,106.5
867,1955,4,13.5,5.9,0.0,19.0,137.0
868,1955,5,12.9,5.7,0.0,85.5,181.5
869,1955,6,17.2,9.3,0.0,85.9,121.8
870,1955,7,22.9,12.8,0.0,30.8,231.4
871,1955,8,22.0,13.5,0.0,19.3,139.2
872,1955,9,18.4,11.0,0.0,18.4,150.6
873,1955,10,13.3,6.5,2.0,60.4,130.3
874,1955,11,9.7,5.2,0.0,67.2,30.8
875,1955,12,8.1,2.9,6.0,96.4,32.7
876,1956,1,6.2,1.5,7.0,154.0,38.8
877,1956,2,3.1,-1.8,21.0,30.5,37.2
878,1956,3,9.1,2.3,6.0,26.4,85.2
879,1956,4,10.3,2.7,1.0,63.5,110.7
880,1956,5,16.8,7.7,0.0,11.2,231.6
881,1956,6,16.5,9.4,0.0,82.1,148.1
882,1956,7,18.7,12.4,0.0,141.7,121.8
883,1956,8,16.6,10.2,0.0,146.1,112.1
884,1956,9,17.6,10.7,0.0,83.4,98.4
885,1956,10,12.9,6.9,0.0,33.1,98.4
886,1956,11,8.8,4.4,2.0,21.4,34.7
887,1956,12,7.7,3.7,6.0,107.9,17.9
888,1957,1,8.1,2.9,5.0,44.8,28.9
889,1957,2,8.0,2.0,4.0,78.8,75.1
890,1957,3,12.2,5.8,0.0,58.2,68.8
891,1957,4,12.3,4.8,0.0,2.2,106.9
892,1957,5,14.6,6.3,0.0,27.3,160.7
893,1957,6,20.5,10.1,0.0,31.8,275.7
894,1957,7,19.5,12.9,0.0,83.2,112.3
895,1957,8,18.2,12.0,0.0,117.2,106.3
896,1957,9,15.3,9.6,0.0,98.8,111.4
897,1957,10,14.1,7.7,0.0,41.6,80.9
898,1957,11,8.7,4.9,1.0,61.3,41.4
899,1957,12,7.2,2.2,9.0,88.3,26.0
900,1958,1,6.2,1.1,13.0,86.4,45.2
901,1958,2,7.2,1.6,10.0,121.7,62.6
902,1958,3,6.1,0.8,16.0,49.9,82.9
903,1958,4,11.4,3.8,2.0,19.7,126.3
904,1958,5,15.5,7.4,0.0,71.4,151.9
905,1958,6,17.2,9.7,0.0,126.6,95.0
906,1958,7,19.5,12.2,0.0,144.6,161.0
907,1958,8,19.6,12.2,0.0,65.9,119.8
908,1958,9,18.5,11.7,0.0,85.8,93.1
909,1958,10,13.9,7.7,0.0,66.8,91.2
910,1958,11,9.2,4.4,1.0,15.6,44.9
911,1958,12,6.8,2.7,3.0,110.0,14.3
912,1959,1,4.7,-0.2,18.0,89.7,68.2
913,1959,2,7.6,2.7,5.0,2.2,49.7
914,1959,3,10.0,4.3,0.0,38.4,72.7
915,1959,4,13.2,5.9,0.0,88.5,139.2
916,1959,5,17.5,8.0,0.0,26.7,194.6
917,1959,6,20.0,10.9,0.0,30.7,227.8
918,1959,7,22.2,13.1,0.0,33.5,215.8
919,1959,8,22.4,13.2,0.0,18.8,201.4
920,1959,9,20.0,10.6,0.0,0.6,146.2
921,1959,10,16.4,8.3,0.0,57.4,108.2
922,1959,11,9.3,4.5,2.0,106.0,36.6
923,1959,12,8.0,3.4,0.0,116.8,18.1
924,1960,1,6.2,1.9,6.0,137.7,23.7
925,1960,2,6.5,1.2,11.0,77.9,55.4
926,1960,3,8.0,3.1,1.0,52.1,44.9
927,1960,4,13.4,5.5,0.0,38.9,147.8
928,1960,5,17.6,8.8,0.0,46.4,166.2
929,1960,6,21.7,11.5,0.0,41.4,261.8
930,1960,7,19.1,11.4,0.0,64.8,131.3
931,1960,8,19.1,11.4,0.0,80.6,143.2
932,1960,9,16.8,9.9,0.0,108.7,111.4
933,1960,10,12.4,7.5,0.0,179.0,48.1
934,1960,11,9.6,4.7,0.0,116.2,44.3
935,1960,12,6.5,2.3,4.0,91.5,47.1
936,1961,1,5.4,1.1,6.0,96.1,27.4
937,1961,2,9.6,4.2,0.0,63.1,67.9
938,1961,3,13.1,5.4,0.0,14.3,142.5
939,1961,4,13.0,6.0,0.0,84.1,85.5
940,1961,5,14.5,6.9,0.0,42.9,170.1
941,1961,6,19.2,10.4,0.0,33.9,199.7
942,1961,7,18.8,11.3,0.0,55.7,161.4
943,1961,8,19.3,11.8,0.0,62.2,187.2
944,1961,9,19.3,11.3,0.0,53.0,133.5
945,1961,10,13.9,7.7,0.0,94.9,118.7
946,1961,11,8.7,4.1,1.0,42.3,53.5
947,1961,12,5.0,-0.2,15.0,75.5,42.1
948,1962,1,7.3,2.1,6.0,91.2,67.1
949,1962,2,7.0,1.9,6.0,57.8,68.6
950,1962,3,6.0,-0.6,17.0,27.8,116.7
951,1962,4,11.1,3.9,0.0,76.3,138.1
952,1962,5,13.6,6.2,0.0,78.4,149.9
953,1962,6,18.3,9.3,0.0,13.5,206.6
954,1962,7,17.8,10.8,0.0,39.7,99.5
955,1962,8,17.8,10.8,0.0,94.9,145.6
956,1962,9,16.0,9.3,0.0,84.4,87.4
957,1962,10,13.9,7.4,1.0,32.0,85.8
958,1962,11,7.8,2.9,6.0,38.5,31.3
959,1962,12,5.3,-0.6,15.0,54.1,46.5
960,1963,1,1.3,-2.9,28.0,46.8,39.4
961,1963,2,1.4,-3.5,28.0,28.3,41.9
962,1963,3,8.9,1.6,6.0,72.0,93.8
963,1963,4,11.7,4.4,0.0,60.3,79.5
964,1963,5,14.6,6.4,0.0,31.5,155.1
965,1963,6,19.3,10.3,0.0,99.1,179.9
966,1963,7,19.7,11.0,0.0,68.6,173.3
967,1963,8,17.6,10.6,0.0,60.1,88.5
968,1963,9,16.9,9.2,0.0,79.5,136.6
969,1963,10,13.6,7.4,0.0,39.4,73.4
970,1963,11,9.7,5.4,1.0,132.5,33.3
971,1963,12,5.2,1.0,11.0,18.7,35.1
972,1964,1,5.8,1.0,8.0,23.1,54.8
973,1964,2,6.6,1.7,11.0,28.7,50.5
974,1964,3,5.5,1.2,8.0,122.4,46.6
975,1964,4,12.7,5.4,0.0,46.1,91.3
976,1964,5,18.2,8.7,0.0,55.5,203.0
977,1964,6,17.0,10.1,0.0,70.2,105.8
978,1964,7,19.8,11.9,0.0,50.8,184.9
979,1964,8,19.5,11.5,0.0,49.4,179.3
980,1964,9,18.7,9.3,0.0,20.8,165.1
981,1964,10,12.5,5.7,0.0,41.8,106.7
982,1964,11,9.8,4.7,2.0,40.8,40.9
983,1964,12,6.3,0.4,16.0,93.7,61.3
984,1965,1,5.7,1.4,12.0,90.1,57.4
985,1965,2,5.5,1.5,8.0,22.4,21.3
986,1965,3,8.8,1.0,10.0,74.0,112.0
987,1965,4,12.0,4.3,0.0,50.0,134.8
988,1965,5,15.5,7.6,0.0,68.2,137.1
989,1965,6,19.0,10.4,0.0,91.8,163.7
990,1965,7,17.0,10.5,0.0,58.9,91.3
991,1965,8,19.0,11.1,0.0,49.2,133.7
992,1965,9,15.6,9.3,0.0,167.4,82.8
993,1965,10,14.2,7.6,0.0,27.5,73.1
994,1965,11,6.5,1.9,8.0,147.5,63.1
995,1965,12,7.0,2.0,5.0,191.5,52.1
996,1966,1,4.3,0.6,14.0,41.5,22.9
997,1966,2,7.2,2.5,11.0,154.2,25.2
998,1966,3,9.6,3.5,4.0,46.9,110.3
999,1966,4,8.7,3.5,6.0,140.6,74.1
1000,1966,5,15.7,7.2,0.0,58.8,209.2
1001,1966,6,19.4,11.4,0.0,61.3,142.8
1002,1966,7,18.4,11.5,0.0,44.5,130.8
1003,1966,8,18.8,10.8,0.0,92.9,124.6
1004,1966,9,17.6,10.2,0.0,55.7,107.8
1005,1966,10,12.8,6.7,0.0,101.4,66.1
1006,1966,11,7.8,3.5,0.0,93.9,41.1
1007,1966,12,7.5,2.7,3.0,77.3,36.1
1008,1967,1,6.3,1.8,11.0,49.7,66.3
1009,1967,2,7.7,3.1,3.0,70.9,52.2
1010,1967,3,10.2,4.2,1.0,57.8,165.4
1011,1967,4,11.2,4.5,1.0,32.7,85.8
1012,1967,5,13.9,6.4,1.0,172.6,142.1
1013,1967,6,19.5,10.2,0.0,13.7,212.8
1014,1967,7,21.5,12.8,0.0,40.9,178.0
1015,1967,8,20.0,12.0,0.0,70.3,117.8
1016,1967,9,17.0,9.5,0.0,62.5,88.4
1017,1967,10,13.9,7.7,0.0,115.5,110.4
1018,1967,11,8.1,2.3,6.0,71.4,50.4
1019,1967,12,6.7,2.0,11.0,44.7,52.8
1020,1968,1,6.7,1.9,11.0,67.4,36.1
1021,1968,2,4.4,-0.4,17.0,42.8,60.5
1022,1968,3,9.7,3.2,5.0,61.3,98.2
1023,1968,4,12.9,3.9,9.0,54.2,152.3
1024,1968,5,13.7,5.9,0.0,82.8,100.9
1025,1968,6,19.5,10.3,0.0,54.9,174.1
1026,1968,7,18.2,11.5,0.0,112.5,69.9
1027,1968,8,19.4,11.8,0.0,41.8,99.9
1028,1968,9,17.2,10.6,0.0,155.2,74.1
1029,1968,10,15.0,9.8,0.0,63.5,63.8
1030,1968,11,8.0,4.2,1.0,87.3,29.6
1031,1968,12,5.0,1.2,9.0,52.9,28.3
1032,1969,1,7.8,3.0,7.0,85.0,28.8
1033,1969,2,2.5,-1.5,20.0,101.0,63.5
1034,1969,3,4.7,0.0,19.0,119.9,48.1
1035,1969,4,11.2,3.4,1.0,76.1,147.5
1036,1969,5,14.6,7.4,0.0,99.1,99.2
1037,1969,6,18.8,9.3,0.0,62.5,253.4
1038,1969,7,21.5,12.9,0.0,52.6,227.3
1039,1969,8,19.9,12.6,0.0,48.5,129.0
1040,1969,9,17.3,10.5,0.0,38.9,75.4
1041,1969,10,15.9,9.6,0.0,24.7,76.9
1042,1969,11,7.5,2.2,5.0,163.7,61.5
1043,1969,12,5.8,1.6,13.0,72.7,30.5
1044,1970,1,5.7,1.5,8.0,94.7,36.8
1045,1970,2,5.5,0.1,11.0,104.0,88.5
1046,1970,3,6.6,0.8,13.0,55.4,114.6
1047,1970,4,10.4,3.4,4.0,106.6,137.2
1048,1970,5,17.4,8.5,0.0,16.9,160.2
1049,1970,6,21.8,11.2,0.0,24.2,238.9
1050,1970,7,19.0,11.9,0.0,39.2,153.3
1051,1970,8,20.4,12.2,0.0,72.9,137.6
1052,1970,9,18.3,11.2,0.0,42.8,122.6
1053,1970,10,14.1,7.5,0.0,47.9,101.0
1054,1970,11,9.6,5.1,1.0,141.4,48.4
1055,1970,12,6.2,2.6,6.0,40.6,45.7
1056,1971,1,6.6,2.3,8.0,69.3,39.9
1057,1971,2,7.6,2.6,3.0,26.7,63.3
1058,1971,3,8.1,2.8,5.0,47.2,79.8
1059,1971,4,11.1,4.3,0.0,84.1,70.0
1060,1971,5,16.4,7.0,0.0,63.5,207.3
1061,1971,6,15.6,8.8,0.0,69.4,131.5
1062,1971,7,22.1,12.8,0.0,86.3,207.2
1063,1971,8,19.4,11.8,0.0,102.2,121.1
1064,1971,9,18.8,10.1,0.0,31.2,148.0
1065,1971,10,15.3,8.1,0.0,92.8,139.3
1066,1971,11,9.1,3.7,4.0,62.6,78.5
1067,1971,12,8.8,4.8,0.0,35.1,48.2
1068,1972,1,5.7,1.6,8.0,92.7,38.7
1069,1972,2,5.8,1.8,5.0,65.9,28.9
1070,1972,3,9.9,2.5,4.0,106.2,118.6
1071,1972,4,11.5,5.3,0.0,56.9,94.6
1072,1972,5,14.4,6.8,0.0,56.6,135.4
1073,1972,6,15.8,8.7,0.0,83.1,127.8
1074,1972,7,19.5,11.6,0.0,55.7,148.4
1075,1972,8,19.3,11.5,0.0,61.2,180.8
1076,1972,9,15.1,8.5,0.0,50.6,80.4
1077,1972,10,13.5,7.0,0.0,14.5,61.7
1078,1972,11,9.2,4.5,1.0,84.9,68.6
1079,1972,12,7.6,2.9,0.0,80.3,22.7
1080,1973,1,6.7,2.8,5.0,39.8,26.7
1081,1973,2,7.4,2.1,9.0,65.0,91.7
1082,1973,3,10.6,3.6,0.0,15.1,127.3
1083,1973,4,10.6,3.5,2.0,77.5,142.1
1084,1973,5,15.5,7.4,0.0,59.5,150.6
1085,1973,6,20.0,10.8,0.0,44.0,204.2
1086,1973,7,19.7,12.1,0.0,200.6,115.6
1087,1973,8,20.7,12.1,0.0,58.0,161.9
1088,1973,9,18.0,10.5,0.0,58.1,108.8
1089,1973,10,12.2,6.0,1.0,63.3,82.2
1090,1973,11,8.6,3.6,7.0,28.8,89.7
1091,1973,12,7.3,2.4,7.0,51.6,41.8
1092,1974,1,8.1,2.9,3.0,79.3,49.4
1093,1974,2,8.0,3.1,0.0,67.3,55.5
1094,1974,3,8.5,2.2,1.0,39.8,95.0
1095,1974,4,11.6,3.6,0.0,12.3,120.5
1096,1974,5,15.7,6.9,0.0,39.5,195.1
1097,1974,6,17.7,9.8,0.0,48.5,184.3
1098,1974,7,18.7,11.7,0.0,67.6,164.0
1099,1974,8,19.5,11.5,0.0,81.0,180.1
1100,1974,9,15.7,8.8,0.0,90.8,138.7
1101,1974,10,10.0,5.3,0.0,55.9,89.6
1102,1974,11,8.7,3.7,1.0,121.1,47.5
1103,1974,12,9.9,5.1,2.0,71.1,43.2
1104,1975,1,8.9,3.8,1.0,73.2,32.2
1105,1975,2,6.5,1.6,8.0,15.8,25.0
1106,1975,3,7.0,1.7,7.0,58.8,89.4
1107,1975,4,12.2,5.1,4.0,46.9,132.8
1108,1975,5,13.8,5.6,0.0,86.2,187.9
1109,1975,6,20.1,9.7,0.0,11.9,253.2
1110,1975,7,21.7,13.2,0.0,81.9,170.9
1111,1975,8,24.6,14.1,0.0,51.2,236.1
1112,1975,9,17.3,9.5,0.0,34.6,138.5
1113,1975,10,13.4,6.5,0.0,27.2,91.2
1114,1975,11,8.8,3.3,3.0,28.6,70.6
1115,1975,12,8.2,3.4,4.0,43.0,49.8
1116,1976,1,7.6,3.2,8.0,93.8,41.4
1117,1976,2,6.7,2.1,8.0,33.7,45.0
1118,1976,3,7.8,1.4,8.0,29.5,108.8
1119,1976,4,11.7,4.4,2.0,16.2,116.1
1120,1976,5,15.8,7.9,0.0,79.9,148.6
1121,1976,6,22.3,12.0,0.0,16.6,250.2
1122,1976,7,24.0,13.2,0.0,16.9,285.2
1123,1976,8,23.0,11.9,0.0,17.3,215.6
1124,1976,9,16.4,9.6,0.0,134.9,85.5
1125,1976,10,13.0,7.5,0.0,127.7,58.7
1126,1976,11,8.6,3.2,1.0,32.4,58.7
1127,1976,12,3.7,0.3,10.0,75.3,55.2
1128,1977,1,4.6,0.4,12.0,113.8,45.9
1129,1977,2,6.3,1.5,6.0,201.4,53.5
1130,1977,3,9.5,3.4,3.0,59.7,79.0
1131,1977,4,10.6,3.6,2.0,45.0,179.3
1132,1977,5,14.6,6.1,0.0,43.5,207.6
1133,1977,6,16.4,8.3,0.0,66.4,182.0
1134,1977,7,19.6,11.9,0.0,9.5,178.3
1135,1977,8,19.4,11.7,0.0,69.2,137.7
1136,1977,9,16.6,9.7,0.0,35.2,108.8
1137,1977,10,14.0,8.4,0.0,45.4,87.4
1138,1977,11,8.4,3.4,5.0,112.0,80.9
1139,1977,12,7.5,3.6,1.0,82.5,30.7
1140,1978,1,5.3,0.7,9.0,99.4,52.4
1141,1978,2,4.4,-0.5,14.0,55.4,33.5
1142,1978,3,10.1,3.3,1.0,73.2,142.5
1143,1978,4,9.4,3.0,6.0,47.3,89.9
1144,1978,5,16.1,7.1,0.0,34.7,180.7
1145,1978,6,17.4,10.0,0.0,90.0,174.4
1146,1978,7,18.3,10.9,0.0,58.8,150.7
1147,1978,8,18.6,11.7,0.0,48.5,126.9
1148,1978,9,17.2,11.0,0.0,48.8,126.2
1149,1978,10,15.3,9.2,0.0,9.9,88.4
1150,1978,11,11.3,6.0,4.0,50.0,71.4
1151,1978,12,5.0,0.8,14.0,207.9,24.9
1152,1979,1,2.5,-2.4,24.0,82.3,55.7
1153,1979,2,2.6,-1.2,22.0,78.6,50.5
1154,1979,3,6.9,1.7,6.0,148.0,88.9
1155,1979,4,11.0,4.4,1.0,83.1,106.0
1156,1979,5,14.4,6.0,1.0,115.5,158.8
1157,1979,6,19.1,10.4,0.0,34.9,190.0
1158,1979,7,20.4,12.2,0.0,13.0,169.8
1159,1979,8,19.1,11.4,0.0,79.0,171.2
1160,1979,9,17.6,9.6,0.0,25.0,166.9
1161,1979,10,14.2,7.8,0.0,66.4,82.5
1162,1979,11,9.6,3.9,2.0,96.9,54.9
1163,1979,12,7.4,3.6,4.0,137.7,42.5
1164,1980,1,4.4,0.4,13.0,70.9,47.4
1165,1980,2,7.8,2.9,2.0,117.1,28.4
1166,1980,3,7.4,1.9,6.0,100.1,87.8
1167,1980,4,13.4,5.1,1.0,10.6,149.3
1168,1980,5,16.0,6.1,0.0,20.5,214.2
1169,1980,6,17.9,10.3,0.0,132.8,114.8
1170,1980,7,18.5,11.0,0.0,66.9,130.0
1171,1980,8,19.8,12.0,0.0,79.0,155.9
1172,1980,9,18.6,11.4,0.0,33.2,151.5
1173,1980,10,11.9,5.6,0.0,113.2,93.7
1174,1980,11,8.7,4.4,5.0,81.8,41.5
1175,1980,12,8.4,3.2,4.0,51.7,48.9
1176,1981,1,7.5,2.1,7.0,56.4,47.8
1177,1981,2,5.3,0.5,12.0,89.4,55.6
1178,1981,3,10.1,4.8,0.0,149.9,51.3
1179,1981,4,10.6,4.2,1.0,110.5,112.6
1180,1981,5,15.6,7.6,0.0,65.3,149.0
1181,1981,6,17.3,9.9,0.0,33.4,163.7
1182,1981,7,19.6,12.2,0.0,18.8,172.6
1183,1981,8,20.5,12.4,0.0,57.2,174.7
1184,1981,9,19.2,10.7,0.0,107.8,162.2
1185,1981,10,11.4,5.2,0.0,87.9,112.0
1186,1981,11,10.4,4.9,0.0,70.4,41.1
1187,1981,12,2.6,-2.3,21.0,93.6,37.4
1188,1982,1,5.9,-0.3,14.0,39.9,48.2
1189,1982,2,7.4,2.1,7.0,20.4,33.0
1190,1982,3,9.7,2.8,1.0,100.1,131.7
1191,1982,4,13.5,4.8,2.0,17.3,167.1
1192,1982,5,17.1,6.7,0.0,23.6,238.9
1193,1982,6,18.9,11.2,0.0,225.0,120.7
1194,1982,7,20.9,12.5,0.0,14.7,173.0
1195,1982,8,19.6,12.0,0.0,83.5,172.7
1196,1982,9,18.7,10.5,0.0,56.4,148.5
1197,1982,10,13.1,7.2,0.0,54.7,55.1
1198,1982,11,10.0,5.4,1.0,117.5,38.6
1199,1982,12,6.9,1.8,9.0,78.7,22.6
1200,1983,1,9.0,4.0,3.0,98.7,42.8
1201,1983,2,3.5,-0.8,17.0,39.9,35.3
1202,1983,3,9.3,4.0,0.0,65.7,85.4
1203,1983,4,10.1,3.2,1.0,121.2,115.3
1204,1983,5,13.6,6.4,0.0,127.0,101.6
1205,1983,6,18.0,9.9,0.0,7.6,171.0
1206,1983,7,24.5,14.3,0.0,44.4,187.1
1207,1983,8,22.1,12.6,0.0,31.3,207.7
1208,1983,9,16.8,10.2,0.0,120.1,116.9
1209,1983,10,13.6,7.3,2.0,66.9,84.1
1210,1983,11,9.9,5.5,5.0,41.2,29.0
1211,1983,12,8.2,3.4,4.0,142.2,37.9
1212,1984,1,5.6,0.8,10.0,160.2,37.6
1213,1984,2,5.8,0.6,12.0,79.7,42.3
1214,1984,3,7.3,2.2,3.0,52.3,44.9
1215,1984,4,13.3,3.5,5.0,10.0,205.7
1216,1984,5,14.9,5.9,1.0,55.4,158.4
1217,1984,6,19.1,10.5,0.0,40.9,219.3
1218,1984,7,22.4,12.0,0.0,13.3,258.2
1219,1984,8,22.5,12.6,0.0,81.9,183.0
1220,1984,9,16.7,10.4,0.0,117.6,86.1
1221,1984,10,14.3,7.7,0.0,82.7,75.6
1222,1984,11,9.8,5.7,0.0,124.9,33.7
1223,1984,12,7.3,2.4,8.0,47.6,39.1
1224,1985,1,3.7,-0.8,19.0,73.0,26.3
1225,1985,2,5.7,-0.3,14.0,4.6,58.2
1226,1985,3,8.2,1.7,8.0,48.8,105.1
1227,1985,4,11.6,4.8,2.0,69.5,111.7
1228,1985,5,14.4,6.8,0.0,63.4,139.2
1229,1985,6,16.8,8.6,0.0,76.5,179.8
1230,1985,7,20.4,12.7,0.0,46.4,182.2
1231,1985,8,18.4,11.3,0.0,87.9,158.0
1232,1985,9,18.8,11.0,0.0,14.2,125.5
1233,1985,10,14.4,8.7,0.0,33.6,64.3
1234,1985,11,6.6,1.4,10.0,78.2,50.2
1235,1985,12,8.2,4.0,6.0,78.0,22.9
1236,1986,1,5.4,0.6,12.0,174.1,39.2
1237,1986,2,1.0,-3.0,25.0,37.2,43.3
1238,1986,3,8.2,1.8,5.0,67.4,101.8
1239,1986,4,9.0,2.3,3.0,111.0,81.7
1240,1986,5,16.0,7.5,0.0,94.7,184.7
1241,1986,6,19.3,9.8,0.0,48.0,202.2
1242,1986,7,20.0,11.9,0.0,25.3,175.2
1243,1986,8,17.1,9.7,0.0,109.9,132.3
1244,1986,9,16.1,7.6,0.0,9.5,182.1
1245,1986,10,14.3,7.3,0.0,85.7,111.2
1246,1986,11,10.6,4.7,0.0,93.0,57.9
1247,1986,12,8.5,3.2,1.0,142.3,32.1
1248,1987,1,3.4,-1.1,18.0,52.9,37.6
1249,1987,2,6.7,1.0,11.0,35.1,52.3
1250,1987,3,7.3,1.2,14.0,89.2,110.5
1251,1987,4,14.6,6.1,0.0,64.6,156.6
1252,1987,5,14.6,5.9,0.0,32.6,199.2
1253,1987,6,16.5,9.0,0.0,140.0,123.1
1254,1987,7,19.8,12.2,0.0,51.4,168.0
1255,1987,8,19.7,12.2,0.0,45.1,149.3
1256,1987,9,17.4,9.3,0.0,67.2,152.3
1257,1987,10,12.5,6.0,0.0,119.5,77.6
1258,1987,11,8.5,4.1,3.0,53.5,43.4
1259,1987,12,7.9,3.8,5.0,38.2,15.5
1260,1988,1,7.2,2.5,3.0,173.9,37.7
1261,1988,2,7.3,2.2,4.0,81.0,94.7
1262,1988,3,9.3,2.8,6.0,97.3,104.6
1263,1988,4,11.6,5.0,1.0,44.1,90.6
1264,1988,5,16.2,7.1,0.0,50.4,194.0
1265,1988,6,18.9,10.8,0.0,55.9,146.2
1266,1988,7,18.6,11.6,0.0,106.7,154.0
1267,1988,8,19.5,11.7,0.0,78.6,180.9
1268,1988,9,16.5,9.7,0.0,51.7,163.7
1269,1988,10,13.0,7.1,2.0,88.9,75.6
1270,1988,11,9.0,2.6,8.0,50.5,68.6
1271,1988,12,9.8,5.4,0.0,36.0,35.7
1272,1989,1,9.0,3.9,2.0,20.6,54.3
1273,1989,2,9.1,2.9,3.0,75.3,93.1
1274,1989,3,11.0,3.9,2.0,77.7,126.6
1275,1989,4,9.6,2.7,3.0,115.5,107.8
1276,1989,5,18.4,8.2,0.0,26.0,283.8
1277,1989,6,20.2,10.0,0.0,54.1,255.5
1278,1989,7,22.9,13.1,0.0,41.4,284.9
1279,1989,8,21.1,12.0,0.0,36.2,240.5
1280,1989,9,18.5,10.6,0.0,23.3,135.1
1281,1989,10,14.9,8.5,0.0,65.3,85.1
1282,1989,11,9.0,4.0,3.0,42.6,45.3
1283,1989,12,6.7,2.8,4.0,159.1,12.9
1284,1990,1,8.9,3.9,0.0,128.7,46.4
1285,1990,2,9.7,4.4,1.0,115.2,58.5
1286,1990,3,12.4,5.3,3.0,21.6,137.6
1287,1990,4,13.1,3.9,3.0,25.9,201.6
1288,1990,5,18.1,7.7,0.0,18.9,219.2
1289,1990,6,17.6,10.4,0.0,46.4,112.1
1290,1990,7,22.1,11.9,0.0,21.5,273.8
1291,1990,8,23.1,13.8,0.0,40.8,233.4
1292,1990,9,16.7,9.6,0.0,30.4,127.5
1293,1990,10,14.4,8.6,0.0,129.7,75.9
1294,1990,11,8.8,4.9,0.0,47.9,32.3
1295,1990,12,6.7,2.6,5.0,136.0,24.3
1296,1991,1,5.5,0.1,14.0,86.8,53.3
1297,1991,2,4.8,-0.3,16.0,68.5,45.1
1298,1991,3,10.7,5.2,1.0,58.7,61.0
1299,1991,4,11.4,4.5,2.0,67.2,129.3
1300,1991,5,14.6,7.7,0.0,14.4,131.5
1301,1991,6,15.8,8.5,0.0,68.6,153.8
1302,1991,7,22.2,13.2,0.0,51.2,221.6
1303,1991,8,21.9,12.8,0.0,8.5,221.1
1304,1991,9,19.4,9.8,0.0,37.0,185.9
1305,1991,10,12.9,7.7,0.0,54.3,68.2
1306,1991,11,9.2,3.8,2.0,73.1,42.7
1307,1991,12,7.9,2.6,7.0,78.4,28.5
1308,1992,1,6.5,1.0,13.0,43.6,37.1
1309,1992,2,8.9,2.9,5.0,25.9,52.7
1310,1992,3,10.3,4.0,0.0,73.6,73.9
1311,1992,4,12.3,5.3,0.0,41.8,125.0
1312,1992,5,18.7,8.6,0.0,57.6,239.1
1313,1992,6,20.5,11.7,0.0,52.2,192.7
1314,1992,7,19.8,12.5,0.0,77.7,183.0
1315,1992,8,19.2,11.3,0.0,117.7,196.3
1316,1992,9,16.3,9.7,0.0,71.9,123.4
1317,1992,10,10.2,4.8,1.0,66.0,60.3
1318,1992,11,10.2,3.8,3.0,129.1,40.6
1319,1992,12,6.3,1.2,11.0,67.4,19.7
1320,1993,1,8.4,2.3,5.0,88.1,24.4
1321,1993,2,7.5,3.0,2.0,10.7,42.3
1322,1993,3,10.3,2.3,8.0,16.7,128.5
1323,1993,4,13.0,5.7,0.0,91.8,116.3
1324,1993,5,15.5,7.1,0.0,70.7,183.5
1325,1993,6,19.4,10.2,0.0,108.3,193.6
1326,1993,7,19.0,11.5,0.0,85.3,197.9
1327,1993,8,18.4,10.3,0.0,29.7,182.5
1328,1993,9,15.2,9.0,0.0,121.4,84.3
1329,1993,10,10.7,5.4,5.0,62.8,75.4
1330,1993,11,6.3,2.2,10.0,56.9,25.8
1331,1993,12,7.1,2.2,5.0,171.4,29.4
1332,1994,1,7.2,1.5,8.0,124.4,44.3
1333,1994,2,4.9,-0.6,17.0,75.7,33.3
1334,1994,3,10.6,4.2,0.0,78.1,141.0
1335,1994,4,12.0,4.9,1.0,55.3,172.9
1336,1994,5,13.9,6.5,0.0,65.6,141.1
1337,1994,6,19.2,10.6,0.0,14.6,198.8
1338,1994,7,23.3,12.9,0.0,33.1,206.4
1339,1994,8,19.7,11.8,0.0,45.0,182.1
1340,1994,9,15.4,9.1,0.0,148.2,104.8
1341,1994,10,12.7,6.2,0.0,57.9,72.9
1342,1994,11,11.7,7.0,0.0,103.3,35.3
1343,1994,12,9.0,3.6,6.0,103.9,31.7
1344,1995,1,6.4,1.5,10.0,157.7,35.8
1345,1995,2,9.0,3.4,0.0,99.2,63.0
1346,1995,3,8.9,2.0,7.0,63.9,172.7
1347,1995,4,13.2,5.1,1.0,24.6,170.7
1348,1995,5,16.7,7.4,0.0,48.1,203.7
1349,1995,6,18.4,9.6,0.0,11.3,182.9
1350,1995,7,23.8,14.1,0.0,22.5,229.1
1351,1995,8,24.4,13.2,0.0,12.1,256.1
1352,1995,9,17.1,10.3,0.0,75.6,115.7
1353,1995,10,16.1,9.3,0.0,21.9,100.1
1354,1995,11,9.9,5.2,3.0,60.5,36.0
1355,1995,12,3.8,0.1,15.0,70.4,20.5
1356,1996,1,5.0,2.1,9.0,57.0,5.8
1357,1996,2,5.0,0.0,16.0,75.1,54.3
1358,1996,3,5.9,1.7,5.0,52.9,38.6
1359,1996,4,12.8,4.7,4.0,37.7,114.3
1360,1996,5,13.0,5.3,0.0,39.1,169.6
1361,1996,6,19.3,9.6,0.0,29.8,244.5
1362,1996,7,21.5,11.9,0.0,24.5,254.6
1363,1996,8,21.5,12.3,0.0,101.1,199.5
1364,1996,9,16.8,9.9,0.0,27.1,111.4
1365,1996,10,14.4,7.9,0.0,70.6,119.7
1366,1996,11,8.2,3.2,8.0,134.3,89.8
1367,1996,12,5.0,0.6,11.0,98.2,39.1
1368,1997,1,5.2,0.2,15.0,8.5,51.4
1369,1997,2,9.5,3.9,1.0,106.5,81.6
1370,1997,3,12.1,5.0,1.0,22.0,152.1
1371,1997,4,13.2,5.1,0.0,28.2,137.0
1372,1997,5,16.3,6.7,0.0,77.5,252.3
1373,1997,6,17.6,10.2,0.0,130.9,136.5
1374,1997,7,21.7,12.7,0.0,56.7,244.4
1375,1997,8,23.3,14.1,0.0,108.6,201.5
1376,1997,9,17.3,10.2,0.0,17.5,148.4
1377,1997,10,13.0,6.4,3.0,55.8,117.4
1378,1997,11,10.4,6.1,0.0,93.1,24.6
1379,1997,12,8.2,3.9,3.0,79.4,36.2
1380,1998,1,7.1,2.5,5.0,88.5,46.3
1381,1998,2,11.2,5.1,4.0,9.3,102.2
1382,1998,3,11.2,4.8,2.0,93.5,91.9
1383,1998,4,10.9,4.4,2.0,117.9,125.7
1384,1998,5,17.0,8.5,0.0,26.6,199.3
1385,1998,6,17.5,10.5,0.0,152.4,141.7
1386,1998,7,19.2,12.1,0.0,36.5,172.0
1387,1998,8,20.1,11.9,0.0,46.2,210.6
1388,1998,9,17.7,11.1,0.0,49.2,96.6
1389,1998,10,13.0,7.2,1.0,197.9,99.1
1390,1998,11,8.4,3.6,2.0,49.5,68.9
1391,1998,12,8.3,2.4,6.0,57.9,42.4
1392,1999,1,8.1,2.7,5.0,90.8,66.9
1393,1999,2,8.0,2.4,7.0,44.7,92.0
1394,1999,3,10.7,4.2,1.0,82.8,140.8
1395,1999,4,13.4,5.8,3.0,91.6,152.9
1396,1999,5,17.5,9.0,0.0,51.0,181.9
1397,1999,6,18.3,10.2,0.0,61.0,188.5
1398,1999,7,22.5,13.4,0.0,30.1,227.9
1399,1999,8,19.9,12.1,0.0,75.4,129.7
1400,1999,9,20.2,11.5,0.0,113.7,190.7
1401,1999,10,13.8,7.8,0.0,55.3,123.1
1402,1999,11,10.1,5.2,1.0,48.2,70.7
1403,1999,12,7.1,1.9,8.0,135.6,60.6
1404,2000,1,7.8,2.7,2.0,49.8,75.9
1405,2000,2,8.9,3.3,4.0,72.0,93.5
1406,2000,3,10.9,4.2,3.0,43.3,133.0
1407,2000,4,11.7,4.2,1.0,153.3,124.6
1408,2000,5,16.4,7.6,0.0,63.9,189.6
1409,2000,6,19.0,11.2,0.0,46.6,151.9
1410,2000,7,18.8,11.4,0.0,68.5,142.5
1411,2000,8,21.2,12.4,0.0,46.3,195.9
1412,2000,9,18.1,10.8,0.0,117.8,116.7
1413,2000,10,13.1,7.1,0.0,139.5,87.6
1414,2000,11,9.1,4.0,2.0,167.9,51.9
1415,2000,12,7.0,3.3,9.0,118.0,42.0
1416,2001,1,5.3,0.3,15.0,42.1,59.1
1417,2001,2,7.7,0.8,11.0,79.4,96.4
1418,2001,3,8.0,1.6,8.0,56.2,100.5
1419,2001,4,11.3,4.0,0.0,80.1,106.2
1420,2001,5,17.8,7.7,0.0,58.0,208.7
1421,2001,6,18.4,10.1,0.0,43.9,160.0
1422,2001,7,21.4,13.2,0.0,57.5,185.1
1423,2001,8,20.9,12.8,0.0,111.9,181.1
1424,2001,9,15.8,10.1,0.0,67.3,84.9
1425,2001,10,15.9,10.2,0.0,113.0,115.0
1426,2001,11,10.5,4.7,2.0,27.0,54.0
1427,2001,12,6.3,0.9,14.0,28.0,71.5
1428,2002,1,8.2,2.5,8.0,55.9,38.2
1429,2002,2,9.8,3.8,1.0,173.9,95.2
1430,2002,3,11.1,4.1,1.0,34.7,122.4
1431,2002,4,13.9,5.0,1.0,40.7,176.2
1432,2002,5,16.3,8.4,0.0,60.9,183.8
1433,2002,6,19.1,10.9,0.0,30.9,197.3
1434,2002,7,20.1,12.0,0.0,133.8,165.3
1435,2002,8,21.2,13.4,0.0,83.4,141.0
1436,2002,9,17.8,10.6,0.0,49.7,132.7
1437,2002,10,12.6,6.8,0.0,145.3,79.7
1438,2002,11,10.0,5.5,0.0,111.1,36.6
1439,2002,12,6.4,3.2,5.0,129.8,28.6
1440,2003,1,6.9,2.5,8.0,60.7,54.3
1441,2003,2,6.6,0.0,15.0,30.8,87.8
1442,2003,3,12.0,3.1,3.0,38.4,157.7
1443,2003,4,14.7,5.1,3.0,44.6,193.9
1444,2003,5,16.8,8.5,0.0,42.6,203.7
1445,2003,6,21.0,12.1,0.0,111.1,215.1
1446,2003,7,21.9,13.5,0.0,44.9,171.0
1447,2003,8,22.4,13.4,0.0,14.0,187.6
1448,2003,9,19.2,9.6,0.0,22.7,164.6
1449,2003,10,12.6,6.0,0.0,48.2,115.0
1450,2003,11,10.7,5.1,3.0,55.4,57.0
1451,2003,12,7.5,1.9,9.0,81.8,54.1
1452,2004,1,7.4,3.0,4.0,106.5,46.2
1453,2004,2,8.1,3.0,9.0,50.8,92.6
1454,2004,3,9.9,3.6,2.0,41.3,98.1
1455,2004,4,13.5,6.4,0.0,107.0,132.5
1456,2004,5,16.9,8.3,0.0,49.0,210.7
1457,2004,6,20.0,11.8,0.0,68.5,194.5
1458,2004,7,19.9,12.4,0.0,45.8,167.9
1459,2004,8,21.3,13.6,0.0,181.0,179.4
1460,2004,9,18.1,11.3,0.0,34.6,168.0
1461,2004,10,13.1,7.4,0.0,88.2,94.3
1462,2004,11,10.2,5.5,3.0,36.2,52.1
1463,2004,12,8.3,3.2,6.0,46.3,69.1
1464,2005,1,8.5,3.4,2.0,48.0,48.1
1465,2005,2,6.7,2.1,5.0,64.6,77.3
1466,2005,3,9.7,4.6,3.0,31.7,64.6
1467,2005,4,12.9,4.8,1.0,82.6,154.4
1468,2005,5,15.8,7.3,0.0,17.5,243.8
1469,2005,6,20.3,11.4,0.0,42.2,194.9
1470,2005,7,20.6,13.1,0.0,84.0,178.0
1471,2005,8,20.7,12.2,0.0,39.9,206.7
1472,2005,9,18.9,11.3,0.0,89.2,157.9
1473,2005,10,15.3,10.4,0.0,113.1,62.6
1474,2005,11,9.5,3.4,9.0,57.4,98.7
1475,2005,12,7.3,2.2,9.0,56.7,64.6
1476,2006,1,6.4,2.4,1.0,18.6,36.4
1477,2006,2,6.3,1.4,9.0,48.5,68.0
1478,2006,3,7.7,1.5,13.0,100.2,95.0
1479,2006,4,11.8,4.8,1.0,49.4,167.3
1480,2006,5,15.8,7.4,0.0,85.0,188.1
1481,2006,6,21.6,11.8,0.0,9.8,171.7
1482,2006,7,25.6,14.5,0.0,40.9,290.8
1483,2006,8,19.6,12.8,0.0,90.5,157.4
1484,2006,9,20.5,12.6,0.0,62.4,165.6
1485,2006,10,15.5,9.7,0.0,99.1,102.3
1486,2006,11,11.2,5.3,1.0,66.8,107.3
1487,2006,12,8.8,4.2,2.0,114.0,55.9
1488,2007,1,9.6,4.3,4.0,146.9,68.4
1489,2007,2,8.6,3.6,6.0,57.5,84.4
1490,2007,3,10.2,4.1,1.0,44.5,149.4
1491,2007,4,15.8,7.4,0.0,5.8,206.1
1492,2007,5,15.6,8.2,0.0,83.8,142.6
1493,2007,6,18.6,11.2,0.0,285.6,154.5
1494,2007,7,18.8,12.2,0.0,113.0,178.5
1495,2007,8,19.7,12.2,0.0,27.1,221.8
1496,2007,9,17.6,10.5,0.0,28.1,158.5
1497,2007,10,14.0,8.1,0.0,23.3,109.4
1498,2007,11,10.3,5.0,2.0,58.3,75.6
1499,2007,12,7.2,2.4,8.0,74.9,39.4
1500,2008,1,9.0,3.9,2.0,154.0,43.6
1501,2008,2,9.1,1.4,9.0,48.7,121.2
1502,2008,3,9.1,2.7,3.0,98.8,137.8
1503,2008,4,11.4,4.4,2.0,79.2,126.8
1504,2008,5,17.5,8.6,0.0,43.5,186.7
1505,2008,6,18.7,10.7,0.0,56.7,198.1
1506,2008,7,20.8,13.0,0.0,108.7,202.6
1507,2008,8,20.1,13.4,0.0,82.6,141.1
1508,2008,9,17.0,10.8,0.0,92.4,111.7
1509,2008,10,12.8,7.2,0.0,93.2,129.5
1510,2008,11,9.0,4.9,3.0,60.0,53.1
1511,2008,12,6.1,2.2,4.0,52.8,60.3
1512,2009,1,5.7,1.3,8.0,47.0,59.8
1513,2009,2,6.7,2.3,11.0,39.6,60.5
1514,2009,3,10.9,4.0,2.0,44.2,161.7
1515,2009,4,14.6,6.0,0.0,51.0,142.3
1516,2009,5,16.4,8.0,0.0,81.7,216.0
1517,2009,6,19.2,10.9,0.0,168.2,183.4
1518,2009,7,20.4,12.6,0.0,113.4,199.7
1519,2009,8,21.0,13.3,0.0,46.4,194.5
1520,2009,9,18.0,10.9,0.0,26.8,151.1
1521,2009,10,14.4,8.5,0.0,50.0,99.9
1522,2009,11,10.4,5.8,0.0,161.6,73.8
1523,2009,12,5.2,1.3,13.0,66.1,53.1
1524,2010,1,3.4,0.1,14.0,48.6,59.7
1525,2010,2,4.4,0.2,11.0,53.6,42.4
1526,2010,3,9.9,3.0,8.0,56.4,130.6
1527,2010,4,13.8,5.1,0.0,24.8,171.8
1528,2010,5,15.2,7.1,0.0,21.2,187.9
1529,2010,6,20.4,11.0,0.0,41.2,214.2
1530,2010,7,21.0,13.5,0.0,68.3,142.1
1531,2010,8,19.5,11.7,0.0,39.6,172.9
1532,2010,9,17.8,10.8,0.0,67.8,131.5
1533,2010,10,13.3,7.3,0.0,65.4,116.8
1534,2010,11,7.4,3.0,6.0,112.7,70.2
1535,2010,12,2.7,-1.9,20.0,18.8,51.4
1536,2011,1,6.4,1.9,11.0,49.6,56.6
1537,2011,2,8.8,4.2,1.0,104.2,49.4
1538,2011,3,10.9,3.4,2.0,12.4,135.7
1539,2011,4,17.1,7.5,0.0,11.2,188.1
1540,2011,5,16.7,8.4,0.0,40.2,210.2
1541,2011,6,19.4,10.0,0.0,47.8,222.9
1542,2011,7,20.3,11.5,0.0,18.0,178.9
1543,2011,8,20.1,12.2,0.0,42.0,171.4
1544,2011,9,19.5,11.6,0.0,27.8,163.4
1545,2011,10,15.9,9.2,0.0,57.2,115.3
1546,2011,11,11.7,7.1,0.0,37.4,62.4
1547,2011,12,8.1,3.6,0.0,124.6,44.6
1548,2012,1,7.9,2.9,6.0,87.6,58.4
1549,2012,2,7.6,2.3,11.0,26.2,73.3
1550,2012,3,13.6,4.7,0.0,32.6,179.5
1551,2012,4,10.7,3.9,1.0,180.6,102.6
1552,2012,5,16.4,7.6,1.0,48.0,203.0
1553,2012,6,17.3,10.3,0.0,166.6,107.3
1554,2012,7,19.5,12.3,0.0,107.2,151.5
1555,2012,8,20.9,12.5,0.0,99.2,141.3
1556,2012,9,17.1,9.7,0.0,90.6,149.4
1557,2012,10,12.2,6.1,0.0,61.2,111.4
1558,2012,11,9.2,3.8,1.0,110.6,68.7
1559,2012,12,7.0,2.3,5.0,136.0,57.7
1560,2013,1,5.7,1.7,14.0,70.4,41.4
1561,2013,2,5.2,0.6,10.0,63.4,77.6
1562,2013,3,4.5,-0.2,18.0,63.4,73.0
1563,2013,4,11.9,4.0,4.0,9.2,152.6
1564,2013,5,15.5,6.9,0.0,84.2,176.9
1565,2013,6,18.8,10.1,0.0,37.8,177.6
1566,2013,7,24.0,13.7,0.0,56.6,243.5
1567,2013,8,21.6,13.1,0.0,33.4,144.4
1568,2013,9,17.5,10.2,0.0,47.2,119.8
1569,2013,10,14.9,9.6,0.0,136.2,73.5
1570,2013,11,9.1,3.9,1.0,56.6,82.3
1571,2013,12,9.1,3.9,0.0,69.8,58.2
1572,2014,1,7.8,3.0,4.0,124.2,48.9
1573,2014,2,8.5,3.5,1.0,106.2,82.4
1574,2014,3,11.6,4.2,2.0,48.6,137.2
1575,2014,4,14.2,6.7,0.0,60.4,119.3
1576,2014,5,16.6,8.5,0.0,123.8,143.9
1577,2014,6,19.4,11.4,0.0,45.4,142.0
1578,2014,7,23.2,13.3,0.0,20.0,236.6
1579,2014,8,19.3,11.5,0.0,67.4,177.3
1580,2014,9,18.4,10.9,0.0,9.6,107.4
1581,2014,10,14.9,9.0,0.0,60.8,83.6
1582,2014,11,10.5,6.0,0.0,95.8,48.0
1583,2014,12,7.7,3.3,3.0,102.0,75.8
1584,2015,1,6.9,2.2,8.0,84.2,68.1
1585,2015,2,6.9,2.0,5.0,35.4,80.8
1586,2015,3,9.8,3.2,1.0,71.4,114.8
1587,2015,4,14.3,5.0,0.0,21.4,223.5
1588,2015,5,14.8,7.7,0.0,83.6,164.4
1589,2015,6,19.1,10.0,0.0,43.2,195.9
1590,2015,7,20.8,12.0,0.0,30.0,187.8
1591,2015,8,20.6,12.5,0.0,66.2,146.3
1592,2015,9,16.9,8.7,0.0,29.2,141.1
1593,2015,10,13.9,7.7,0.0,80.4,81.3
1594,2015,11,12.2,6.5,1.0,126.8,51.7
1595,2015,12,12.0,6.2,0.0,121.2,33.1
1596,2016,1,8.0,3.0,3.0,84.8,40.3
1597,2016,2,7.8,2.0,5.0,68.6,96.1
1598,2016,3,9.1,2.9,2.0,87.2,98.6
1599,2016,4,11.6,3.8,1.0,65.8,154.9
1600,2016,5,16.9,7.9,0.0,58.2,164.5
1601,2016,6,18.8,11.1,0.0,130.4,106.5
1602,2016,7,21.3,13.5,0.0,30.0,178.0
1603,2016,8,21.0,13.2,0.0,62.0,194.5
1604,2016,9,19.9,12.5,0.0,44.2,113.5
1605,2016,10,13.7,8.1,0.0,29.2,84.0
1606,2016,11,8.4,3.7,2.0,95.6,71.9
1607,2016,12,9.3,4.1,3.0,31.8,57.9
1608,2017,1,6.7,2.2,8.0,41.6,53.8
1609,2017,2,8.1,3.5,2.0,58.2,50.4
1610,2017,3,12.3,5.5,1.0,62.6,143.0
1611,2017,4,13.4,5.6,0.0,15.8,150.3
1612,2017,5,17.9,9.0,0.0,53.2,180.1
1613,2017,6,20.3,12.6,0.0,89.0,155.2
1614,2017,7,21.2,12.6,0.0,78.2,152.2
1615,2017,8,19.9,12.1,0.0,68.6,171.5
1616,2017,9,17.3,10.3,0.0,70.4,103.6
1617,2017,10,15.2,10.0,0.0,46.0,86.7
1618,2017,11,9.7,4.7,0.0,43.2,72.8
1619,2017,12,7.4,2.8,6.0,70.2,64.0
1620,2018,1,7.2,3.0,3.0,124.2,39.1
1621,2018,2,5.3,0.6,10.0,41.2,68.7
1622,2018,3,7.5,1.7,7.0,113.2,61.4
1623,2018,4,13.2,6.0,0.0,97.0,96.7
1624,2018,5,19.4,8.7,0.0,36.8,251.4
1625,2018,6,21.5,11.7,0.0,23.2,225.2
1626,2018,7,25.4,14.0,0.0,23.2,261.6
1627,2018,8,21.8,13.3,0.0,27.4,136.7
1628,2018,9,18.0,10.2,0.0,88.6,146.6
1629,2018,10,14.3,7.5,1.0,49.0,129.3
1630,2018,11,10.3,5.7,1.0,73.6,57.0
1631,2018,12,8.8,4.4,2.0,100.8,44.0
1632,2019,1,6.6,2.8,5.0,27.4,48.5
1633,2019,2,11.2,3.2,4.0,32.2,122.6
